date,open,high,low,close,volume,timeframe,instrument_type
2025-10-29 09:15:00+05:30,26400.0,26499.0,26350.0,26494.0,7345,15m,FUTURES
2025-10-29 09:30:00+05:30,26494.0,26500.0,26460.0,26470.1,4875,15m,FUTURES
2025-10-29 09:45:00+05:30,26470.1,26485.0,26465.0,26470.1,1690,15m,FUTURES
2025-10-29 10:00:00+05:30,26470.1,26494.0,26470.1,26492.0,2210,15m,FUTURES
2025-10-29 10:15:00+05:30,26492.0,26545.0,26481.0,26545.0,7865,15m,FUTURES
2025-10-29 10:30:00+05:30,26545.0,26581.3,26543.0,26558.9,6435,15m,FUTURES
2025-10-29 10:45:00+05:30,26557.9,26559.5,26540.0,26555.0,5720,15m,FUTURES
2025-10-29 11:00:00+05:30,26555.0,26559.9,26540.0,26546.8,3120,15m,FUTURES
2025-10-29 11:15:00+05:30,26546.8,26567.0,26526.5,26555.0,4615,15m,FUTURES
2025-10-29 11:30:00+05:30,26555.0,26558.0,26544.9,26547.8,1950,15m,FUTURES
2025-10-29 11:45:00+05:30,26547.8,26555.0,26531.0,26532.0,2080,15m,FUTURES
2025-10-29 12:00:00+05:30,26532.0,26559.9,26532.0,26550.5,3575,15m,FUTURES
2025-10-29 12:15:00+05:30,26550.5,26575.0,26550.5,26575.0,3185,15m,FUTURES
2025-10-29 12:30:00+05:30,26575.0,26595.9,26575.0,26595.9,3185,15m,FUTURES
2025-10-29 12:45:00+05:30,26595.9,26602.0,26590.0,26598.6,2860,15m,FUTURES
2025-10-29 13:00:00+05:30,26598.6,26599.0,26585.0,26593.0,1690,15m,FUTURES
2025-10-29 13:15:00+05:30,26593.0,26599.8,26587.6,26597.5,910,15m,FUTURES
2025-10-29 13:30:00+05:30,26597.5,26600.0,26590.0,26590.0,2015,15m,FUTURES
2025-10-29 13:45:00+05:30,26590.0,26592.0,26578.4,26578.4,2340,15m,FUTURES
2025-10-29 14:00:00+05:30,26578.4,26578.4,26550.6,26569.2,1820,15m,FUTURES
2025-10-29 14:15:00+05:30,26569.2,26575.0,26555.0,26558.0,1495,15m,FUTURES
2025-10-29 14:30:00+05:30,26558.0,26565.0,26555.0,26559.0,1690,15m,FUTURES
2025-10-29 14:45:00+05:30,26559.0,26568.9,26541.1,26560.0,2600,15m,FUTURES
2025-10-29 15:00:00+05:30,26560.0,26569.8,26555.5,26557.6,1950,15m,FUTURES
2025-10-29 15:15:00+05:30,26557.6,26595.0,26557.6,26595.0,6045,15m,FUTURES
2025-10-30 09:15:00+05:30,26520.1,26539.9,26470.0,26480.0,13780,15m,FUTURES
2025-10-30 09:30:00+05:30,26480.0,26480.0,26410.2,26411.4,10595,15m,FUTURES
2025-10-30 09:45:00+05:30,26411.4,26425.0,26385.0,26390.1,10920,15m,FUTURES
2025-10-30 10:00:00+05:30,26390.1,26440.3,26390.1,26440.3,4615,15m,FUTURES
2025-10-30 10:15:00+05:30,26440.3,26450.0,26411.8,26440.0,3315,15m,FUTURES
2025-10-30 10:30:00+05:30,26440.0,26440.0,26405.1,26406.4,1300,15m,FUTURES
2025-10-30 10:45:00+05:30,26406.4,26423.7,26405.0,26409.4,1495,15m,FUTURES
2025-10-30 11:00:00+05:30,26409.4,26430.0,26403.1,26430.0,910,15m,FUTURES
2025-10-30 11:15:00+05:30,26430.0,26460.0,26430.0,26455.0,1040,15m,FUTURES
2025-10-30 11:30:00+05:30,26455.0,26455.0,26433.0,26433.0,975,15m,FUTURES
2025-10-30 11:45:00+05:30,26433.0,26438.0,26403.0,26407.6,1820,15m,FUTURES
2025-10-30 12:00:00+05:30,26407.6,26413.6,26401.0,26404.6,1170,15m,FUTURES
2025-10-30 12:15:00+05:30,26404.6,26419.9,26394.2,26419.9,1820,15m,FUTURES
2025-10-30 12:30:00+05:30,26419.9,26419.9,26400.0,26415.4,910,15m,FUTURES
2025-10-30 12:45:00+05:30,26415.4,26421.5,26400.0,26400.0,1105,15m,FUTURES
2025-10-30 13:00:00+05:30,26400.0,26410.0,26394.0,26410.0,975,15m,FUTURES
2025-10-30 13:15:00+05:30,26410.0,26420.0,26390.1,26390.1,1625,15m,FUTURES
2025-10-30 13:30:00+05:30,26390.1,26391.0,26370.0,26386.5,5720,15m,FUTURES
2025-10-30 13:45:00+05:30,26386.5,26404.8,26372.1,26403.1,1820,15m,FUTURES
2025-10-30 14:00:00+05:30,26403.1,26403.1,26381.0,26385.0,2275,15m,FUTURES
2025-10-30 14:15:00+05:30,26385.0,26410.1,26385.0,26410.0,2210,15m,FUTURES
2025-10-30 14:30:00+05:30,26410.0,26411.1,26385.1,26411.1,1365,15m,FUTURES
2025-10-30 14:45:00+05:30,26411.1,26412.3,26367.5,26370.8,3315,15m,FUTURES
2025-10-30 15:00:00+05:30,26370.8,26386.0,26370.8,26383.2,1820,15m,FUTURES
2025-10-30 15:15:00+05:30,26383.2,26398.9,26380.1,26381.6,1885,15m,FUTURES
2025-10-31 09:15:00+05:30,26340.0,26420.0,26325.0,26419.0,7085,15m,FUTURES
2025-10-31 09:30:00+05:30,26419.0,26450.9,26414.0,26420.8,6370,15m,FUTURES
2025-10-31 09:45:00+05:30,26420.8,26438.9,26420.8,26431.2,1430,15m,FUTURES
2025-10-31 10:00:00+05:30,26431.2,26431.2,26372.0,26376.6,4160,15m,FUTURES
2025-10-31 10:15:00+05:30,26376.6,26385.0,26330.0,26344.0,3705,15m,FUTURES
2025-10-31 10:30:00+05:30,26344.0,26344.0,26290.0,26320.1,8450,15m,FUTURES
2025-10-31 10:45:00+05:30,26320.1,26324.4,26293.0,26293.0,1820,15m,FUTURES
2025-10-31 11:00:00+05:30,26293.0,26293.0,26251.0,26271.5,8450,15m,FUTURES
2025-10-31 11:15:00+05:30,26271.5,26290.4,26260.0,26269.9,2145,15m,FUTURES
2025-10-31 11:30:00+05:30,26269.9,26299.0,26260.1,26283.0,1495,15m,FUTURES
2025-10-31 11:45:00+05:30,26283.0,26308.0,26283.0,26307.0,1040,15m,FUTURES
2025-10-31 12:00:00+05:30,26307.0,26320.0,26285.8,26285.8,2210,15m,FUTURES
2025-10-31 12:15:00+05:30,26285.8,26299.9,26267.7,26275.0,2665,15m,FUTURES
2025-10-31 12:30:00+05:30,26275.0,26285.0,26270.0,26285.0,1105,15m,FUTURES
2025-10-31 12:45:00+05:30,26285.0,26293.1,26274.3,26290.0,975,15m,FUTURES
2025-10-31 13:00:00+05:30,26290.0,26299.3,26285.0,26285.0,910,15m,FUTURES
2025-10-31 13:15:00+05:30,26285.0,26298.9,26265.1,26272.8,1170,15m,FUTURES
2025-10-31 13:30:00+05:30,26272.8,26272.8,26251.0,26255.0,3315,15m,FUTURES
2025-10-31 13:45:00+05:30,26255.0,26265.8,26250.0,26265.8,5915,15m,FUTURES
2025-10-31 14:00:00+05:30,26265.8,26280.0,26257.0,26270.0,1365,15m,FUTURES
2025-10-31 14:15:00+05:30,26270.0,26272.9,26250.0,26272.9,2015,15m,FUTURES
2025-10-31 14:30:00+05:30,26272.9,26275.0,26256.0,26267.0,910,15m,FUTURES
2025-10-31 14:45:00+05:30,26267.0,26267.0,26255.1,26255.2,1820,15m,FUTURES
2025-10-31 15:00:00+05:30,26255.2,26260.0,26250.0,26252.0,5850,15m,FUTURES
2025-10-31 15:15:00+05:30,26252.0,26270.0,26252.0,26267.8,6175,15m,FUTURES
2025-11-03 09:15:00+05:30,26249.9,26249.9,26147.1,26176.9,9750,15m,FUTURES
2025-11-03 09:30:00+05:30,26176.9,26224.9,26154.1,26216.6,7150,15m,FUTURES
2025-11-03 09:45:00+05:30,26216.6,26259.5,26216.6,26259.5,5460,15m,FUTURES
2025-11-03 10:00:00+05:30,26259.5,26259.9,26204.5,26214.1,3380,15m,FUTURES
2025-11-03 10:15:00+05:30,26214.1,26225.9,26200.2,26225.9,1365,15m,FUTURES
2025-11-03 10:30:00+05:30,26225.9,26280.0,26224.9,26280.0,4290,15m,FUTURES
2025-11-03 10:45:00+05:30,26280.0,26285.0,26239.2,26246.0,1560,15m,FUTURES
2025-11-03 11:00:00+05:30,26246.0,26272.0,26246.0,26254.0,975,15m,FUTURES
2025-11-03 11:15:00+05:30,26254.0,26264.7,26250.0,26250.0,975,15m,FUTURES
2025-11-03 11:30:00+05:30,26250.0,26262.7,26215.9,26215.9,780,15m,FUTURES
2025-11-03 11:45:00+05:30,26215.9,26239.6,26214.5,26222.8,1625,15m,FUTURES
2025-11-03 12:00:00+05:30,26222.8,26234.4,26205.1,26205.1,1430,15m,FUTURES
2025-11-03 12:15:00+05:30,26205.1,26223.0,26204.9,26221.0,1170,15m,FUTURES
2025-11-03 12:30:00+05:30,26221.0,26221.0,26205.0,26221.0,6045,15m,FUTURES
2025-11-03 12:45:00+05:30,26221.0,26248.6,26221.0,26248.6,715,15m,FUTURES
2025-11-03 13:00:00+05:30,26248.6,26248.6,26222.3,26233.2,1040,15m,FUTURES
2025-11-03 13:15:00+05:30,26233.2,26248.0,26226.8,26239.8,1105,15m,FUTURES
2025-11-03 13:30:00+05:30,26239.8,26244.9,26239.8,26243.9,195,15m,FUTURES
2025-11-03 13:45:00+05:30,26243.9,26250.0,26227.8,26250.0,1820,15m,FUTURES
2025-11-03 14:00:00+05:30,26250.0,26265.0,26250.0,26258.3,1885,15m,FUTURES
2025-11-03 14:15:00+05:30,26258.3,26284.3,26258.3,26267.3,2015,15m,FUTURES
2025-11-03 14:30:00+05:30,26267.3,26272.7,26256.0,26258.3,975,15m,FUTURES
2025-11-03 14:45:00+05:30,26258.3,26258.3,26231.8,26241.0,1105,15m,FUTURES
2025-11-03 15:00:00+05:30,26241.0,26258.9,26241.0,26250.0,780,15m,FUTURES
2025-11-03 15:15:00+05:30,26250.0,26258.9,26246.5,26258.0,3705,15m,FUTURES
2025-11-04 09:15:00+05:30,26235.0,26255.0,26200.0,26203.0,12155,15m,FUTURES
2025-11-04 09:30:00+05:30,26203.0,26203.0,26175.0,26199.8,10790,15m,FUTURES
2025-11-04 09:45:00+05:30,26199.8,26199.8,26166.0,26181.0,7215,15m,FUTURES
2025-11-04 10:00:00+05:30,26181.0,26197.8,26170.1,26182.5,4030,15m,FUTURES
2025-11-04 10:15:00+05:30,26182.5,26187.2,26155.0,26187.2,2925,15m,FUTURES
2025-11-04 10:30:00+05:30,26187.2,26187.2,26175.6,26176.3,780,15m,FUTURES
2025-11-04 10:45:00+05:30,26176.3,26178.6,26165.0,26178.6,1040,15m,FUTURES
2025-11-04 11:00:00+05:30,26178.6,26188.0,26155.1,26155.2,3900,15m,FUTURES
2025-11-04 11:15:00+05:30,26155.2,26162.5,26141.0,26156.1,5005,15m,FUTURES
2025-11-04 11:30:00+05:30,26156.1,26156.1,26130.0,26130.3,4485,15m,FUTURES
2025-11-04 11:45:00+05:30,26130.3,26145.8,26130.0,26139.0,2080,15m,FUTURES
2025-11-04 12:00:00+05:30,26139.0,26151.2,26134.3,26151.2,1625,15m,FUTURES
2025-11-04 12:15:00+05:30,26151.2,26157.8,26148.5,26150.0,1755,15m,FUTURES
2025-11-04 12:30:00+05:30,26150.0,26150.0,26130.0,26142.0,2080,15m,FUTURES
2025-11-04 12:45:00+05:30,26142.0,26149.9,26140.0,26140.0,390,15m,FUTURES
2025-11-04 13:00:00+05:30,26140.0,26150.0,26140.0,26142.0,585,15m,FUTURES
2025-11-04 13:15:00+05:30,26142.0,26143.2,26121.0,26139.5,1885,15m,FUTURES
2025-11-04 13:30:00+05:30,26139.5,26149.9,26122.2,26147.9,1300,15m,FUTURES
2025-11-04 13:45:00+05:30,26147.9,26147.9,26135.0,26135.0,585,15m,FUTURES
2025-11-04 14:00:00+05:30,26135.0,26135.8,26090.0,26097.0,8905,15m,FUTURES
2025-11-04 14:15:00+05:30,26097.0,26105.0,26080.0,26100.0,6760,15m,FUTURES
2025-11-04 14:30:00+05:30,26100.0,26111.7,26095.0,26095.0,3315,15m,FUTURES
2025-11-04 14:45:00+05:30,26095.0,26097.1,26075.1,26090.9,3770,15m,FUTURES
2025-11-04 15:00:00+05:30,26090.9,26100.0,26081.6,26094.2,6110,15m,FUTURES
2025-11-04 15:15:00+05:30,26094.2,26094.2,26066.4,26066.4,9360,15m,FUTURES
2025-11-06 09:15:00+05:30,26083.3,26159.2,26077.3,26104.9,13260,15m,FUTURES
2025-11-06 09:30:00+05:30,26104.9,26112.0,26079.0,26079.0,5200,15m,FUTURES
2025-11-06 09:45:00+05:30,26079.0,26105.0,26078.1,26101.0,2535,15m,FUTURES
2025-11-06 10:00:00+05:30,26101.0,26114.6,26015.1,26020.0,4745,15m,FUTURES
2025-11-06 10:15:00+05:30,26020.0,26025.2,26000.1,26000.1,6240,15m,FUTURES
2025-11-06 10:30:00+05:30,26000.1,26009.6,25988.0,25999.0,4745,15m,FUTURES
2025-11-06 10:45:00+05:30,25999.0,26038.0,25999.0,26024.0,3510,15m,FUTURES
2025-11-06 11:00:00+05:30,26024.0,26050.0,26020.4,26029.9,2210,15m,FUTURES
2025-11-06 11:15:00+05:30,26029.9,26029.9,26003.2,26006.1,1495,15m,FUTURES
2025-11-06 11:30:00+05:30,26006.1,26008.2,26000.0,26008.2,975,15m,FUTURES
2025-11-06 11:45:00+05:30,26008.2,26029.0,26008.0,26010.0,1625,15m,FUTURES
2025-11-06 12:00:00+05:30,26010.0,26034.4,26010.0,26018.0,715,15m,FUTURES
2025-11-06 12:15:00+05:30,26018.0,26027.6,26005.0,26005.0,2080,15m,FUTURES
2025-11-06 12:30:00+05:30,26005.0,26037.5,26005.0,26037.5,1300,15m,FUTURES
2025-11-06 12:45:00+05:30,26037.5,26086.7,26035.0,26076.4,2730,15m,FUTURES
2025-11-06 13:00:00+05:30,26076.4,26082.6,26027.5,26050.8,5135,15m,FUTURES
2025-11-06 13:15:00+05:30,26050.8,26055.0,26040.0,26055.0,1235,15m,FUTURES
2025-11-06 13:30:00+05:30,26055.0,26056.0,26024.5,26029.2,1040,15m,FUTURES
2025-11-06 13:45:00+05:30,26029.2,26029.2,25981.0,25997.6,5395,15m,FUTURES
2025-11-06 14:00:00+05:30,25997.6,25998.0,25982.0,25990.5,4615,15m,FUTURES
2025-11-06 14:15:00+05:30,25990.5,26004.0,25989.0,25992.9,3575,15m,FUTURES
2025-11-06 14:30:00+05:30,25992.9,26020.9,25992.9,26004.9,910,15m,FUTURES
2025-11-06 14:45:00+05:30,26004.9,26020.0,25996.9,26020.0,2080,15m,FUTURES
2025-11-06 15:00:00+05:30,26020.0,26020.0,25975.0,25977.0,4290,15m,FUTURES
2025-11-06 15:15:00+05:30,25977.0,26000.0,25977.0,25990.3,4940,15m,FUTURES
2025-11-07 09:15:00+05:30,25900.1,25901.1,25806.7,25830.0,29055,15m,FUTURES
2025-11-07 09:30:00+05:30,25830.0,25837.9,25803.2,25837.9,10270,15m,FUTURES
2025-11-07 09:45:00+05:30,25837.9,25867.0,25814.4,25820.4,8125,15m,FUTURES
2025-11-07 10:00:00+05:30,25820.4,25830.0,25820.0,25830.0,4355,15m,FUTURES
2025-11-07 10:15:00+05:30,25830.0,25846.1,25826.0,25840.8,2210,15m,FUTURES
2025-11-07 10:30:00+05:30,25840.8,25865.0,25839.0,25862.0,3900,15m,FUTURES
2025-11-07 10:45:00+05:30,25862.0,25865.0,25835.0,25835.0,1495,15m,FUTURES
2025-11-07 11:00:00+05:30,25835.0,25886.0,25835.0,25886.0,3055,15m,FUTURES
2025-11-07 11:15:00+05:30,25886.0,25919.0,25874.7,25913.2,10595,15m,FUTURES
2025-11-07 11:30:00+05:30,25913.2,25948.9,25913.2,25922.0,5265,15m,FUTURES
2025-11-07 11:45:00+05:30,25922.0,25925.0,25900.0,25912.0,2145,15m,FUTURES
2025-11-07 12:00:00+05:30,25912.0,25920.0,25902.0,25920.0,2600,15m,FUTURES
2025-11-07 12:15:00+05:30,25920.0,25931.5,25920.0,25926.0,1105,15m,FUTURES
2025-11-07 12:30:00+05:30,25926.0,25947.0,25926.0,25935.4,2080,15m,FUTURES
2025-11-07 12:45:00+05:30,25935.4,25954.9,25930.4,25942.1,6110,15m,FUTURES
2025-11-07 13:00:00+05:30,25942.1,25950.0,25931.8,25940.0,5070,15m,FUTURES
2025-11-07 13:15:00+05:30,25940.0,26004.9,25940.0,26003.8,6045,15m,FUTURES
2025-11-07 13:30:00+05:30,26003.8,26015.8,25990.0,26005.0,7085,15m,FUTURES
2025-11-07 13:45:00+05:30,26005.0,26013.3,25960.0,25960.0,3835,15m,FUTURES
2025-11-07 14:00:00+05:30,25960.0,25960.0,25922.6,25934.1,4095,15m,FUTURES
2025-11-07 14:15:00+05:30,25934.1,26000.0,25932.0,25994.6,3380,15m,FUTURES
2025-11-07 14:30:00+05:30,25994.6,25999.7,25972.0,25977.4,2730,15m,FUTURES
2025-11-07 14:45:00+05:30,25977.4,25981.7,25950.7,25955.0,1885,15m,FUTURES
2025-11-07 15:00:00+05:30,25955.0,25955.0,25935.0,25938.3,2015,15m,FUTURES
2025-11-07 15:15:00+05:30,25938.3,25985.0,25938.3,25985.0,3965,15m,FUTURES
2025-11-10 09:15:00+05:30,25956.1,26085.9,25956.1,26000.0,6435,15m,FUTURES
2025-11-10 09:30:00+05:30,26000.0,26030.0,26000.0,26000.0,2795,15m,FUTURES
2025-11-10 09:45:00+05:30,26000.0,26068.3,26000.0,26022.6,9100,15m,FUTURES
2025-11-10 10:00:00+05:30,26022.6,26041.0,26010.6,26041.0,2990,15m,FUTURES
2025-11-10 10:15:00+05:30,26041.0,26071.9,26041.0,26065.0,3835,15m,FUTURES
2025-11-10 10:30:00+05:30,26065.0,26075.0,26051.0,26051.0,4810,15m,FUTURES
2025-11-10 10:45:00+05:30,26051.0,26064.1,26048.6,26058.3,2600,15m,FUTURES
2025-11-10 11:00:00+05:30,26058.3,26080.0,26058.3,26075.0,4485,15m,FUTURES
2025-11-10 11:15:00+05:30,26075.0,26098.9,26075.0,26086.3,4680,15m,FUTURES
2025-11-10 11:30:00+05:30,26086.3,26095.9,26077.1,26083.9,1365,15m,FUTURES
2025-11-10 11:45:00+05:30,26083.9,26085.0,26071.5,26073.8,1105,15m,FUTURES
2025-11-10 12:00:00+05:30,26073.8,26075.3,26061.1,26075.3,1690,15m,FUTURES
2025-11-10 12:15:00+05:30,26075.3,26090.0,26070.0,26080.2,780,15m,FUTURES
2025-11-10 12:30:00+05:30,26080.2,26095.0,26075.1,26095.0,1235,15m,FUTURES
2025-11-10 12:45:00+05:30,26095.0,26095.0,26085.9,26090.0,260,15m,FUTURES
2025-11-10 13:00:00+05:30,26090.0,26092.5,26075.2,26084.2,1170,15m,FUTURES
2025-11-10 13:15:00+05:30,26084.2,26087.3,26070.5,26077.0,1495,15m,FUTURES
2025-11-10 13:30:00+05:30,26077.0,26088.9,26061.0,26061.0,910,15m,FUTURES
2025-11-10 13:45:00+05:30,26061.0,26074.2,26050.0,26060.6,2470,15m,FUTURES
2025-11-10 14:00:00+05:30,26060.6,26077.5,26060.4,26077.5,1040,15m,FUTURES
2025-11-10 14:15:00+05:30,26077.5,26098.2,26071.1,26087.2,2535,15m,FUTURES
2025-11-10 14:30:00+05:30,26087.2,26095.3,26070.3,26075.0,1365,15m,FUTURES
2025-11-10 14:45:00+05:30,26075.0,26087.9,26070.0,26079.9,3055,15m,FUTURES
2025-11-10 15:00:00+05:30,26079.9,26079.9,26041.4,26050.0,4355,15m,FUTURES
2025-11-10 15:15:00+05:30,26050.0,26069.0,26043.9,26043.9,8710,15m,FUTURES
2025-11-11 09:15:00+05:30,26038.0,26099.1,25990.0,26000.1,12155,15m,FUTURES
2025-11-11 09:30:00+05:30,26000.1,26016.0,25975.0,26011.0,7605,15m,FUTURES
2025-11-11 09:45:00+05:30,26011.0,26016.0,25980.0,26002.0,4485,15m,FUTURES
2025-11-11 10:00:00+05:30,26002.0,26016.0,25992.1,26012.5,2665,15m,FUTURES
2025-11-11 10:15:00+05:30,26012.5,26012.5,25976.0,25989.0,2340,15m,FUTURES
2025-11-11 10:30:00+05:30,25989.0,25989.0,25935.0,25943.5,8840,15m,FUTURES
2025-11-11 10:45:00+05:30,25943.5,25980.0,25943.5,25970.1,3055,15m,FUTURES
2025-11-11 11:00:00+05:30,25970.1,25983.6,25964.8,25977.0,2405,15m,FUTURES
2025-11-11 11:15:00+05:30,25977.0,25977.0,25955.0,25964.0,1950,15m,FUTURES
2025-11-11 11:30:00+05:30,25964.0,25990.0,25960.0,25990.0,2340,15m,FUTURES
2025-11-11 11:45:00+05:30,25990.0,26024.0,25982.3,26005.2,3445,15m,FUTURES
2025-11-11 12:00:00+05:30,26005.2,26033.9,26005.2,26015.0,2340,15m,FUTURES
2025-11-11 12:15:00+05:30,26015.0,26059.0,26015.0,26059.0,3510,15m,FUTURES
2025-11-11 12:30:00+05:30,26059.0,26071.9,26037.5,26046.0,4030,15m,FUTURES
2025-11-11 12:45:00+05:30,26046.0,26062.6,26036.0,26043.9,1820,15m,FUTURES
2025-11-11 13:00:00+05:30,26043.9,26055.6,26043.9,26055.6,650,15m,FUTURES
2025-11-11 13:15:00+05:30,26055.6,26088.8,26055.6,26074.2,5200,15m,FUTURES
2025-11-11 13:30:00+05:30,26074.2,26109.3,26074.2,26098.0,6955,15m,FUTURES
2025-11-11 13:45:00+05:30,26098.0,26141.0,26090.7,26100.0,9230,15m,FUTURES
2025-11-11 14:00:00+05:30,26100.0,26132.6,26100.0,26120.0,5135,15m,FUTURES
2025-11-11 14:15:00+05:30,26120.0,26150.8,26118.5,26145.0,7605,15m,FUTURES
2025-11-11 14:30:00+05:30,26145.0,26158.8,26130.0,26145.0,5460,15m,FUTURES
2025-11-11 14:45:00+05:30,26145.0,26154.2,26135.0,26142.1,3055,15m,FUTURES
2025-11-11 15:00:00+05:30,26142.1,26159.2,26142.1,26145.4,3965,15m,FUTURES
2025-11-11 15:15:00+05:30,26145.4,26187.0,26145.4,26187.0,9750,15m,FUTURES
2025-11-12 09:15:00+05:30,26282.7,26306.0,26253.0,26253.0,34450,15m,FUTURES
2025-11-12 09:30:00+05:30,26253.0,26279.9,26245.7,26271.8,9035,15m,FUTURES
2025-11-12 09:45:00+05:30,26271.8,26288.9,26270.0,26278.1,7540,15m,FUTURES
2025-11-12 10:00:00+05:30,26278.1,26285.0,26270.0,26270.7,3380,15m,FUTURES
2025-11-12 10:15:00+05:30,26270.7,26285.0,26258.0,26270.9,3575,15m,FUTURES
2025-11-12 10:30:00+05:30,26270.9,26307.0,26264.0,26304.9,11180,15m,FUTURES
2025-11-12 10:45:00+05:30,26304.9,26315.0,26303.8,26305.0,5070,15m,FUTURES
2025-11-12 11:00:00+05:30,26305.0,26313.5,26298.4,26305.9,2730,15m,FUTURES
2025-11-12 11:15:00+05:30,26305.9,26310.0,26303.1,26310.0,6110,15m,FUTURES
2025-11-12 11:30:00+05:30,26310.0,26325.9,26304.0,26310.5,7865,15m,FUTURES
2025-11-12 11:45:00+05:30,26310.5,26325.0,26310.5,26313.5,2665,15m,FUTURES
2025-11-12 12:00:00+05:30,26313.5,26320.0,26304.5,26307.8,1560,15m,FUTURES
2025-11-12 12:15:00+05:30,26307.8,26325.0,26307.0,26325.0,2275,15m,FUTURES
2025-11-12 12:30:00+05:30,26325.0,26350.0,26321.0,26345.2,8515,15m,FUTURES
2025-11-12 12:45:00+05:30,26345.2,26350.0,26329.5,26340.0,3185,15m,FUTURES
2025-11-12 13:00:00+05:30,26340.0,26349.6,26339.0,26349.6,1560,15m,FUTURES
2025-11-12 13:15:00+05:30,26349.6,26350.0,26338.9,26338.9,3900,15m,FUTURES
2025-11-12 13:30:00+05:30,26338.9,26348.0,26330.0,26345.1,975,15m,FUTURES
2025-11-12 13:45:00+05:30,26345.1,26348.0,26337.4,26337.4,1950,15m,FUTURES
2025-11-12 14:00:00+05:30,26337.4,26340.0,26320.1,26328.0,1950,15m,FUTURES
2025-11-12 14:15:00+05:30,26328.0,26329.7,26317.9,26329.7,1950,15m,FUTURES
2025-11-12 14:30:00+05:30,26329.7,26329.7,26316.6,26322.0,1105,15m,FUTURES
2025-11-12 14:45:00+05:30,26322.0,26330.0,26321.0,26328.0,2080,15m,FUTURES
2025-11-12 15:00:00+05:30,26328.0,26346.8,26328.0,26330.0,3380,15m,FUTURES
2025-11-12 15:15:00+05:30,26330.0,26332.7,26315.4,26315.4,6500,15m,FUTURES
2025-11-13 09:15:00+05:30,26318.8,26319.7,26260.1,26312.0,19825,15m,FUTURES
2025-11-13 09:30:00+05:30,26312.0,26314.3,26278.0,26290.0,9620,15m,FUTURES
2025-11-13 09:45:00+05:30,26290.0,26319.9,26290.0,26300.0,5460,15m,FUTURES
2025-11-13 10:00:00+05:30,26300.0,26329.9,26300.0,26327.0,2405,15m,FUTURES
2025-11-13 10:15:00+05:30,26328.0,26336.9,26328.0,26329.0,4095,15m,FUTURES
2025-11-13 10:30:00+05:30,26329.0,26350.0,26329.0,26345.0,4550,15m,FUTURES
2025-11-13 10:45:00+05:30,26345.0,26374.7,26344.9,26374.7,9230,15m,FUTURES
2025-11-13 11:00:00+05:30,26374.7,26406.3,26370.0,26384.0,10205,15m,FUTURES
2025-11-13 11:15:00+05:30,26384.0,26395.5,26376.1,26391.0,5265,15m,FUTURES
2025-11-13 11:30:00+05:30,26391.0,26397.9,26378.0,26384.2,5655,15m,FUTURES
2025-11-13 11:45:00+05:30,26384.2,26397.9,26383.8,26390.0,1365,15m,FUTURES
2025-11-13 12:00:00+05:30,26390.0,26405.0,26384.4,26395.1,3185,15m,FUTURES
2025-11-13 12:15:00+05:30,26395.1,26410.0,26395.0,26407.0,5460,15m,FUTURES
2025-11-13 12:30:00+05:30,26407.0,26407.8,26361.0,26375.1,9360,15m,FUTURES
2025-11-13 12:45:00+05:30,26375.1,26381.8,26360.0,26381.5,6370,15m,FUTURES
2025-11-13 13:00:00+05:30,26381.5,26397.7,26381.5,26388.1,1300,15m,FUTURES
2025-11-13 13:15:00+05:30,26388.1,26409.6,26387.6,26398.0,1040,15m,FUTURES
2025-11-13 13:30:00+05:30,26398.0,26418.0,26386.0,26416.0,3640,15m,FUTURES
2025-11-13 13:45:00+05:30,26416.0,26418.0,26350.0,26350.0,4680,15m,FUTURES
2025-11-13 14:00:00+05:30,26348.9,26350.0,26289.0,26303.7,14430,15m,FUTURES
2025-11-13 14:15:00+05:30,26303.7,26346.5,26303.7,26346.3,4810,15m,FUTURES
2025-11-13 14:30:00+05:30,26346.3,26346.3,26320.0,26339.0,2860,15m,FUTURES
2025-11-13 14:45:00+05:30,26339.0,26339.0,26305.0,26305.0,3120,15m,FUTURES
2025-11-13 15:00:00+05:30,26303.7,26310.6,26289.4,26302.1,2600,15m,FUTURES
2025-11-13 15:15:00+05:30,26302.1,26327.9,26300.0,26313.5,5785,15m,FUTURES
2025-11-14 09:15:00+05:30,26250.1,26300.0,26225.0,26279.0,22035,15m,FUTURES
2025-11-14 09:30:00+05:30,26279.0,26344.8,26275.1,26303.0,9945,15m,FUTURES
2025-11-14 09:45:00+05:30,26303.0,26317.9,26245.0,26260.0,11245,15m,FUTURES
2025-11-14 10:00:00+05:30,26260.0,26261.1,26219.3,26235.0,13520,15m,FUTURES
2025-11-14 10:15:00+05:30,26235.0,26259.1,26226.6,26240.0,9620,15m,FUTURES
2025-11-14 10:30:00+05:30,26240.0,26244.4,26200.0,26216.9,11635,15m,FUTURES
2025-11-14 10:45:00+05:30,26216.9,26309.0,26216.9,26303.1,9750,15m,FUTURES
2025-11-14 11:00:00+05:30,26303.1,26316.0,26281.7,26309.9,7150,15m,FUTURES
2025-11-14 11:15:00+05:30,26309.9,26319.9,26265.0,26285.5,3055,15m,FUTURES
2025-11-14 11:30:00+05:30,26271.0,26272.0,26245.0,26248.6,6955,15m,FUTURES
2025-11-14 11:45:00+05:30,26248.6,26267.8,26245.0,26248.0,1300,15m,FUTURES
2025-11-14 12:00:00+05:30,26248.0,26295.9,26247.6,26280.5,1300,15m,FUTURES
2025-11-14 12:15:00+05:30,26280.5,26298.0,26273.2,26295.0,2080,15m,FUTURES
2025-11-14 12:30:00+05:30,26295.0,26295.0,26250.1,26262.9,3445,15m,FUTURES
2025-11-14 12:45:00+05:30,26262.9,26276.6,26248.0,26256.0,2145,15m,FUTURES
2025-11-14 13:00:00+05:30,26256.0,26256.6,26248.0,26253.0,1885,15m,FUTURES
2025-11-14 13:15:00+05:30,26265.2,26266.0,26261.3,26266.0,325,15m,FUTURES
2025-11-14 13:30:00+05:30,26266.0,26266.0,26207.0,26207.0,6825,15m,FUTURES
2025-11-14 13:45:00+05:30,26207.0,26230.3,26188.0,26205.0,12220,15m,FUTURES
2025-11-14 14:00:00+05:30,26205.0,26227.6,26205.0,26221.3,3250,15m,FUTURES
2025-11-14 14:15:00+05:30,26221.3,26249.0,26210.0,26249.0,2080,15m,FUTURES
2025-11-14 14:30:00+05:30,26249.0,26251.1,26223.0,26244.4,1820,15m,FUTURES
2025-11-14 14:45:00+05:30,26244.4,26247.0,26206.9,26224.4,2210,15m,FUTURES
2025-11-14 15:00:00+05:30,26224.4,26320.0,26220.0,26310.0,23790,15m,FUTURES
2025-11-14 15:15:00+05:30,26310.0,26324.0,26306.0,26308.0,13715,15m,FUTURES
2025-11-17 09:15:00+05:30,26330.0,26375.0,26309.9,26373.0,13845,15m,FUTURES
2025-11-17 09:30:00+05:30,26373.0,26386.8,26365.1,26370.0,7475,15m,FUTURES
2025-11-17 09:45:00+05:30,26370.0,26385.0,26365.0,26373.0,4355,15m,FUTURES
2025-11-17 10:00:00+05:30,26373.0,26383.9,26357.1,26368.6,3705,15m,FUTURES
2025-11-17 10:15:00+05:30,26368.6,26378.9,26344.8,26347.5,6500,15m,FUTURES
2025-11-17 10:30:00+05:30,26347.5,26369.0,26335.9,26350.0,3315,15m,FUTURES
2025-11-17 10:45:00+05:30,26350.0,26357.9,26341.0,26357.9,1690,15m,FUTURES
2025-11-17 11:00:00+05:30,26357.9,26373.2,26355.3,26362.0,3315,15m,FUTURES
2025-11-17 11:15:00+05:30,26362.0,26372.0,26330.0,26340.0,4095,15m,FUTURES
2025-11-17 11:30:00+05:30,26340.0,26358.0,26330.1,26345.0,2340,15m,FUTURES
2025-11-17 11:45:00+05:30,26345.0,26382.9,26345.0,26382.6,4615,15m,FUTURES
2025-11-17 12:00:00+05:30,26382.6,26383.0,26372.1,26383.0,1885,15m,FUTURES
2025-11-17 12:15:00+05:30,26383.0,26385.0,26380.0,26380.0,1755,15m,FUTURES
2025-11-17 12:30:00+05:30,26380.0,26395.0,26380.0,26389.0,4485,15m,FUTURES
2025-11-17 12:45:00+05:30,26389.0,26400.0,26389.0,26399.0,3510,15m,FUTURES
2025-11-17 13:00:00+05:30,26399.0,26399.0,26380.0,26394.9,4810,15m,FUTURES
2025-11-17 13:15:00+05:30,26394.9,26395.0,26379.7,26389.0,2990,15m,FUTURES
2025-11-17 13:30:00+05:30,26389.0,26396.0,26382.0,26386.6,1430,15m,FUTURES
2025-11-17 13:45:00+05:30,26386.6,26395.0,26386.6,26395.0,2340,15m,FUTURES
2025-11-17 14:00:00+05:30,26395.0,26414.8,26393.3,26406.5,7215,15m,FUTURES
2025-11-17 14:15:00+05:30,26406.5,26406.5,26384.3,26387.7,1495,15m,FUTURES
2025-11-17 14:30:00+05:30,26387.7,26400.0,26380.4,26380.4,1105,15m,FUTURES
2025-11-17 14:45:00+05:30,26380.4,26400.0,26380.4,26397.0,6045,15m,FUTURES
2025-11-17 15:00:00+05:30,26397.0,26406.0,26393.1,26400.0,3575,15m,FUTURES
2025-11-17 15:15:00+05:30,26400.0,26404.9,26393.0,26404.0,6435,15m,FUTURES
2025-11-18 09:15:00+05:30,26363.9,26364.1,26317.8,26357.5,14170,15m,FUTURES
2025-11-18 09:30:00+05:30,26357.5,26357.5,26336.0,26349.0,5070,15m,FUTURES
2025-11-18 09:45:00+05:30,26345.0,26349.1,26300.0,26300.0,19435,15m,FUTURES
2025-11-18 10:00:00+05:30,26300.0,26321.6,26280.9,26302.0,8385,15m,FUTURES
2025-11-18 10:15:00+05:30,26302.0,26319.7,26297.1,26300.0,3835,15m,FUTURES
2025-11-18 10:30:00+05:30,26300.0,26307.0,26286.0,26292.1,3770,15m,FUTURES
2025-11-18 10:45:00+05:30,26292.1,26329.9,26292.1,26315.0,2860,15m,FUTURES
2025-11-18 11:00:00+05:30,26315.0,26340.0,26315.0,26325.1,2470,15m,FUTURES
2025-11-18 11:15:00+05:30,26325.1,26345.0,26311.7,26311.7,3575,15m,FUTURES
2025-11-18 11:30:00+05:30,26311.7,26345.0,26311.7,26345.0,1885,15m,FUTURES
2025-11-18 11:45:00+05:30,26345.0,26361.9,26345.0,26354.2,4550,15m,FUTURES
2025-11-18 12:00:00+05:30,26354.2,26361.9,26344.9,26344.9,650,15m,FUTURES
2025-11-18 12:15:00+05:30,26344.9,26347.0,26330.0,26335.9,2015,15m,FUTURES
2025-11-18 12:30:00+05:30,26335.9,26340.9,26315.0,26333.8,845,15m,FUTURES
2025-11-18 12:45:00+05:30,26333.8,26340.0,26325.0,26336.7,910,15m,FUTURES
2025-11-18 13:00:00+05:30,26336.7,26352.0,26332.0,26348.0,1040,15m,FUTURES
2025-11-18 13:15:00+05:30,26348.0,26355.9,26348.0,26353.0,1365,15m,FUTURES
2025-11-18 13:30:00+05:30,26353.0,26370.0,26350.0,26350.0,2860,15m,FUTURES
2025-11-18 13:45:00+05:30,26350.0,26363.0,26345.6,26361.0,1755,15m,FUTURES
2025-11-18 14:00:00+05:30,26361.0,26384.0,26361.0,26381.0,4485,15m,FUTURES
2025-11-18 14:15:00+05:30,26381.0,26381.0,26360.1,26360.1,2340,15m,FUTURES
2025-11-18 14:30:00+05:30,26360.1,26367.2,26350.0,26356.4,1690,15m,FUTURES
2025-11-18 14:45:00+05:30,26356.4,26360.0,26343.0,26343.0,1820,15m,FUTURES
2025-11-18 15:00:00+05:30,26343.0,26343.0,26310.0,26315.0,11180,15m,FUTURES
2025-11-18 15:15:00+05:30,26315.0,26324.7,26301.6,26301.6,11635,15m,FUTURES
2025-11-19 09:15:00+05:30,26302.1,26315.0,26248.1,26301.0,6370,15m,FUTURES
2025-11-19 09:30:00+05:30,26301.0,26309.0,26278.0,26291.3,3705,15m,FUTURES
2025-11-19 09:45:00+05:30,26291.3,26310.9,26275.0,26308.6,4745,15m,FUTURES
2025-11-19 10:00:00+05:30,26308.6,26340.0,26308.0,26340.0,5200,15m,FUTURES
2025-11-19 10:15:00+05:30,26340.0,26353.0,26332.6,26338.3,8190,15m,FUTURES
2025-11-19 10:30:00+05:30,26338.3,26348.8,26331.2,26335.0,2795,15m,FUTURES
2025-11-19 10:45:00+05:30,26335.0,26339.0,26318.0,26321.2,1495,15m,FUTURES
2025-11-19 11:00:00+05:30,26321.2,26333.0,26307.0,26309.4,1430,15m,FUTURES
2025-11-19 11:15:00+05:30,26309.4,26326.0,26291.2,26326.0,1820,15m,FUTURES
2025-11-19 11:30:00+05:30,26326.0,26343.9,26326.0,26343.9,1105,15m,FUTURES
2025-11-19 11:45:00+05:30,26343.9,26353.0,26343.0,26349.7,5005,15m,FUTURES
2025-11-19 12:00:00+05:30,26349.7,26380.0,26349.7,26373.0,8710,15m,FUTURES
2025-11-19 12:15:00+05:30,26373.0,26395.9,26366.7,26384.8,12220,15m,FUTURES
2025-11-19 12:30:00+05:30,26384.8,26399.0,26380.0,26394.9,5785,15m,FUTURES
2025-11-19 12:45:00+05:30,26394.9,26398.5,26383.0,26384.0,2925,15m,FUTURES
2025-11-19 13:00:00+05:30,26384.0,26410.0,26380.5,26396.8,10270,15m,FUTURES
2025-11-19 13:15:00+05:30,26396.8,26396.8,26374.0,26374.0,1950,15m,FUTURES
2025-11-19 13:30:00+05:30,26374.0,26384.0,26370.0,26371.6,1820,15m,FUTURES
2025-11-19 13:45:00+05:30,26371.6,26394.0,26371.6,26392.0,1820,15m,FUTURES
2025-11-19 14:00:00+05:30,26392.0,26408.0,26380.0,26408.0,5915,15m,FUTURES
2025-11-19 14:15:00+05:30,26408.0,26420.0,26405.0,26414.0,8775,15m,FUTURES
2025-11-19 14:30:00+05:30,26414.0,26425.0,26404.0,26419.7,8255,15m,FUTURES
2025-11-19 14:45:00+05:30,26419.7,26426.0,26412.2,26416.0,6045,15m,FUTURES
2025-11-19 15:00:00+05:30,26416.0,26424.9,26404.1,26408.8,5785,15m,FUTURES
2025-11-19 15:15:00+05:30,26408.8,26425.0,26406.0,26420.0,18070,15m,FUTURES
2025-11-20 09:15:00+05:30,26445.0,26487.9,26440.0,26464.0,18850,15m,FUTURES
2025-11-20 09:30:00+05:30,26464.0,26479.0,26420.1,26440.1,16315,15m,FUTURES
2025-11-20 09:45:00+05:30,26440.1,26459.0,26426.1,26440.0,6175,15m,FUTURES
2025-11-20 10:00:00+05:30,26440.0,26467.0,26437.0,26466.9,6890,15m,FUTURES
2025-11-20 10:15:00+05:30,26466.9,26475.0,26458.1,26475.0,6175,15m,FUTURES
2025-11-20 10:30:00+05:30,26475.0,26492.0,26470.0,26484.0,9555,15m,FUTURES
2025-11-20 10:45:00+05:30,26484.0,26520.1,26484.0,26489.0,20345,15m,FUTURES
2025-11-20 11:00:00+05:30,26489.0,26504.9,26482.0,26498.0,5005,15m,FUTURES
2025-11-20 11:15:00+05:30,26498.0,26502.0,26481.6,26499.5,12415,15m,FUTURES
2025-11-20 11:30:00+05:30,26499.5,26513.0,26494.0,26505.1,5460,15m,FUTURES
2025-11-20 11:45:00+05:30,26505.1,26510.0,26490.0,26500.0,5070,15m,FUTURES
2025-11-20 12:00:00+05:30,26500.0,26514.9,26500.0,26502.0,5135,15m,FUTURES
2025-11-20 12:15:00+05:30,26502.0,26530.0,26501.0,26528.0,10465,15m,FUTURES
2025-11-20 12:30:00+05:30,26528.0,26539.0,26522.4,26534.0,16575,15m,FUTURES
2025-11-20 12:45:00+05:30,26534.0,26539.9,26522.2,26533.8,5525,15m,FUTURES
2025-11-20 13:00:00+05:30,26533.8,26546.9,26526.0,26526.9,8580,15m,FUTURES
2025-11-20 13:15:00+05:30,26526.9,26559.9,26525.4,26559.9,11375,15m,FUTURES
2025-11-20 13:30:00+05:30,26560.0,26587.8,26552.8,26572.0,28210,15m,FUTURES
2025-11-20 13:45:00+05:30,26572.0,26595.0,26566.9,26591.1,10790,15m,FUTURES
2025-11-20 14:00:00+05:30,26591.1,26593.6,26577.9,26580.1,9685,15m,FUTURES
2025-11-20 14:15:00+05:30,26580.1,26596.0,26562.0,26562.0,9555,15m,FUTURES
2025-11-20 14:30:00+05:30,26562.0,26582.0,26555.1,26555.1,8190,15m,FUTURES
2025-11-20 14:45:00+05:30,26555.1,26578.6,26555.1,26572.8,8580,15m,FUTURES
2025-11-20 15:00:00+05:30,26572.8,26572.8,26547.0,26569.0,14105,15m,FUTURES
2025-11-20 15:15:00+05:30,26569.0,26577.0,26560.1,26574.0,10595,15m,FUTURES
2025-11-21 09:15:00+05:30,26562.9,26562.9,26490.0,26516.1,24505,15m,FUTURES
2025-11-21 09:30:00+05:30,26516.1,26535.0,26493.0,26496.0,23140,15m,FUTURES
2025-11-21 09:45:00+05:30,26496.0,26496.0,26455.0,26493.9,18720,15m,FUTURES
2025-11-21 10:00:00+05:30,26493.9,26493.9,26450.0,26452.0,20410,15m,FUTURES
2025-11-21 10:15:00+05:30,26452.0,26462.3,26429.7,26433.5,20410,15m,FUTURES
2025-11-21 10:30:00+05:30,26433.5,26450.0,26428.3,26449.9,14365,15m,FUTURES
2025-11-21 10:45:00+05:30,26445.0,26468.9,26432.0,26468.9,17940,15m,FUTURES
2025-11-21 11:00:00+05:30,26468.9,26470.6,26428.0,26466.0,13065,15m,FUTURES
2025-11-21 11:15:00+05:30,26466.0,26477.0,26445.5,26475.0,4355,15m,FUTURES
2025-11-21 11:30:00+05:30,26475.0,26475.0,26447.0,26453.0,12610,15m,FUTURES
2025-11-21 11:45:00+05:30,26453.0,26474.8,26453.0,26460.0,12090,15m,FUTURES
2025-11-21 12:00:00+05:30,26460.0,26490.0,26450.6,26489.0,14300,15m,FUTURES
2025-11-21 12:15:00+05:30,26489.0,26520.0,26483.2,26501.5,13390,15m,FUTURES
2025-11-21 12:30:00+05:30,26501.5,26509.9,26490.1,26505.0,3510,15m,FUTURES
2025-11-21 12:45:00+05:30,26505.0,26543.1,26500.1,26521.3,13910,15m,FUTURES
2025-11-21 13:00:00+05:30,26521.3,26536.0,26490.1,26490.1,5850,15m,FUTURES
2025-11-21 13:15:00+05:30,26490.1,26500.4,26455.5,26467.3,17420,15m,FUTURES
2025-11-21 13:30:00+05:30,26467.3,26491.0,26460.1,26480.0,12675,15m,FUTURES
2025-11-21 13:45:00+05:30,26480.0,26504.9,26457.5,26502.2,3705,15m,FUTURES
2025-11-21 14:00:00+05:30,26502.2,26515.0,26490.0,26510.1,3380,15m,FUTURES
2025-11-21 14:15:00+05:30,26510.1,26520.0,26500.1,26512.0,3575,15m,FUTURES
2025-11-21 14:30:00+05:30,26512.0,26521.9,26484.0,26484.0,5785,15m,FUTURES
2025-11-21 14:45:00+05:30,26484.0,26485.0,26422.5,26430.0,20345,15m,FUTURES
2025-11-21 15:00:00+05:30,26430.0,26444.9,26420.0,26425.0,19760,15m,FUTURES
2025-11-21 15:15:00+05:30,26425.0,26433.0,26410.0,26416.0,31005,15m,FUTURES
2025-11-24 09:15:00+05:30,26489.9,26489.9,26301.0,26475.0,16250,15m,FUTURES
2025-11-24 09:30:00+05:30,26475.0,26478.0,26445.0,26445.0,6500,15m,FUTURES
2025-11-24 09:45:00+05:30,26445.0,26475.0,26424.2,26446.6,5785,15m,FUTURES
2025-11-24 10:00:00+05:30,26446.6,26480.7,26446.6,26480.7,4225,15m,FUTURES
2025-11-24 10:15:00+05:30,26480.7,26488.9,26470.8,26476.0,5980,15m,FUTURES
2025-11-24 10:30:00+05:30,26476.0,26497.0,26475.0,26491.1,4810,15m,FUTURES
2025-11-24 10:45:00+05:30,26491.1,26491.1,26470.0,26475.0,4095,15m,FUTURES
2025-11-24 11:00:00+05:30,26475.0,26475.0,26451.4,26461.1,2535,15m,FUTURES
2025-11-24 11:15:00+05:30,26461.1,26476.0,26446.5,26476.0,3315,15m,FUTURES
2025-11-24 11:30:00+05:30,26476.0,26480.0,26466.6,26475.0,2145,15m,FUTURES
2025-11-24 11:45:00+05:30,26475.0,26475.0,26430.0,26450.7,7930,15m,FUTURES
2025-11-24 12:00:00+05:30,26450.7,26456.0,26435.0,26444.6,11245,15m,FUTURES
2025-11-24 12:15:00+05:30,26444.6,26461.4,26430.0,26431.0,12350,15m,FUTURES
2025-11-24 12:30:00+05:30,26431.0,26454.0,26420.0,26451.0,10725,15m,FUTURES
2025-11-24 12:45:00+05:30,26451.0,26460.1,26435.0,26448.2,7475,15m,FUTURES
2025-11-24 13:00:00+05:30,26448.2,26456.0,26437.1,26450.0,9750,15m,FUTURES
2025-11-24 13:15:00+05:30,26450.0,26458.0,26438.2,26438.2,4225,15m,FUTURES
2025-11-24 13:30:00+05:30,26438.2,26455.0,26434.9,26455.0,10595,15m,FUTURES
2025-11-24 13:45:00+05:30,26455.0,26455.0,26435.0,26435.0,4745,15m,FUTURES
2025-11-24 14:00:00+05:30,26435.0,26439.2,26410.0,26416.9,12935,15m,FUTURES
2025-11-24 14:15:00+05:30,26416.9,26420.0,26390.0,26390.8,12675,15m,FUTURES
2025-11-24 14:30:00+05:30,26390.8,26407.9,26390.1,26401.8,10270,15m,FUTURES
2025-11-24 14:45:00+05:30,26401.8,26412.0,26393.1,26405.0,22750,15m,FUTURES
2025-11-24 15:00:00+05:30,26405.0,26423.2,26345.0,26359.1,47710,15m,FUTURES
2025-11-24 15:15:00+05:30,26359.1,26360.1,26325.0,26326.0,24310,15m,FUTURES
2025-11-25 09:15:00+05:30,26368.2,26368.2,26305.2,26307.0,26715,15m,FUTURES
2025-11-25 09:30:00+05:30,26307.0,26339.1,26306.4,26320.0,34775,15m,FUTURES
2025-11-25 09:45:00+05:30,26320.0,26349.9,26305.0,26349.9,12935,15m,FUTURES
2025-11-25 10:00:00+05:30,26349.9,26374.0,26345.1,26370.0,15340,15m,FUTURES
2025-11-25 10:15:00+05:30,26370.0,26380.0,26362.9,26363.0,12805,15m,FUTURES
2025-11-25 10:30:00+05:30,26363.0,26373.0,26350.0,26354.0,9555,15m,FUTURES
2025-11-25 10:45:00+05:30,26354.0,26356.0,26305.0,26305.0,24960,15m,FUTURES
2025-11-25 11:00:00+05:30,26305.0,26305.3,26290.0,26301.0,17420,15m,FUTURES
2025-11-25 11:15:00+05:30,26301.0,26316.9,26291.9,26316.9,6435,15m,FUTURES
2025-11-25 11:30:00+05:30,26316.9,26327.9,26302.0,26302.0,8580,15m,FUTURES
2025-11-25 11:45:00+05:30,26302.0,26351.9,26302.0,26351.9,5460,15m,FUTURES
2025-11-25 12:00:00+05:30,26351.9,26353.8,26331.3,26331.4,4095,15m,FUTURES
2025-11-25 12:15:00+05:30,26331.4,26345.1,26305.9,26305.9,5785,15m,FUTURES
2025-11-25 12:30:00+05:30,26305.9,26334.9,26305.9,26334.9,845,15m,FUTURES
2025-11-25 12:45:00+05:30,26334.9,26345.0,26320.4,26331.6,8580,15m,FUTURES
2025-11-25 13:00:00+05:30,26331.6,26350.0,26317.0,26340.7,16315,15m,FUTURES
2025-11-25 13:15:00+05:30,26340.7,26355.8,26323.6,26344.5,13260,15m,FUTURES
2025-11-25 13:30:00+05:30,26344.5,26354.8,26336.7,26340.0,2925,15m,FUTURES
2025-11-25 13:45:00+05:30,26340.0,26349.5,26330.7,26340.0,4550,15m,FUTURES
2025-11-25 14:00:00+05:30,26340.0,26359.8,26335.0,26358.5,7345,15m,FUTURES
2025-11-25 14:15:00+05:30,26358.5,26358.5,26301.5,26305.0,15535,15m,FUTURES
2025-11-25 14:30:00+05:30,26305.0,26312.7,26282.0,26298.7,24245,15m,FUTURES
2025-11-25 14:45:00+05:30,26290.2,26298.3,26236.2,26238.0,38220,15m,FUTURES
2025-11-25 15:00:00+05:30,26238.0,26249.2,26221.1,26237.5,43680,15m,FUTURES
2025-11-25 15:15:00+05:30,26237.5,26245.0,26225.0,26237.2,60320,15m,FUTURES
2025-11-26 09:15:00+05:30,26220.1,26340.0,26220.1,26335.0,32500,15m,FUTURES
2025-11-26 09:30:00+05:30,26335.0,26383.9,26333.5,26383.9,24765,15m,FUTURES
2025-11-26 09:45:00+05:30,26383.9,26444.0,26383.9,26437.8,51480,15m,FUTURES
2025-11-26 10:00:00+05:30,26437.8,26449.9,26426.6,26443.0,29835,15m,FUTURES
2025-11-26 10:15:00+05:30,26443.0,26445.0,26416.0,26420.0,8190,15m,FUTURES
2025-11-26 10:30:00+05:30,26420.0,26445.0,26416.8,26444.0,9490,15m,FUTURES
2025-11-26 10:45:00+05:30,26444.0,26478.0,26444.0,26450.0,27495,15m,FUTURES
2025-11-26 11:00:00+05:30,26450.0,26466.9,26450.0,26461.5,8840,15m,FUTURES
2025-11-26 11:15:00+05:30,26461.5,26475.0,26461.0,26468.8,7670,15m,FUTURES
2025-11-26 11:30:00+05:30,26468.8,26468.8,26453.5,26453.5,4290,15m,FUTURES
2025-11-26 11:45:00+05:30,26453.5,26477.0,26445.1,26475.0,5525,15m,FUTURES
2025-11-26 12:00:00+05:30,26475.0,26492.0,26469.8,26487.2,15730,15m,FUTURES
2025-11-26 12:15:00+05:30,26487.2,26494.0,26475.5,26485.1,6955,15m,FUTURES
2025-11-26 12:30:00+05:30,26485.1,26494.0,26474.9,26494.0,7605,15m,FUTURES
2025-11-26 12:45:00+05:30,26494.0,26494.0,26478.2,26487.0,6955,15m,FUTURES
2025-11-26 13:00:00+05:30,26487.0,26520.0,26487.0,26505.0,15340,15m,FUTURES
2025-11-26 13:15:00+05:30,26505.0,26515.0,26481.9,26484.1,11310,15m,FUTURES
2025-11-26 13:30:00+05:30,26484.1,26505.0,26481.0,26502.0,3315,15m,FUTURES
2025-11-26 13:45:00+05:30,26502.0,26515.0,26489.9,26506.8,7215,15m,FUTURES
2025-11-26 14:00:00+05:30,26506.8,26525.0,26506.4,26512.5,10205,15m,FUTURES
2025-11-26 14:15:00+05:30,26512.5,26523.0,26507.9,26510.0,6890,15m,FUTURES
2025-11-26 14:30:00+05:30,26510.0,26515.0,26500.0,26500.0,6240,15m,FUTURES
2025-11-26 14:45:00+05:30,26500.0,26508.3,26490.0,26504.0,5395,15m,FUTURES
2025-11-26 15:00:00+05:30,26504.0,26527.0,26503.0,26525.5,11245,15m,FUTURES
2025-11-26 15:15:00+05:30,26525.5,26545.7,26520.0,26540.0,20150,15m,FUTURES
2025-11-27 09:15:00+05:30,26500.1,26619.9,26500.1,26609.0,50310,15m,FUTURES
2025-11-27 09:30:00+05:30,26609.0,26609.2,26560.0,26575.0,18850,15m,FUTURES
2025-11-27 09:45:00+05:30,26575.0,26610.0,26553.0,26610.0,14040,15m,FUTURES
2025-11-27 10:00:00+05:30,26610.0,26625.0,26590.6,26601.3,17745,15m,FUTURES
2025-11-27 10:15:00+05:30,26601.3,26615.0,26595.0,26609.5,9165,15m,FUTURES
2025-11-27 10:30:00+05:30,26609.5,26615.0,26600.1,26615.0,4745,15m,FUTURES
2025-11-27 10:45:00+05:30,26615.0,26634.6,26605.7,26610.0,15275,15m,FUTURES
2025-11-27 11:00:00+05:30,26610.0,26627.5,26607.5,26619.0,6825,15m,FUTURES
2025-11-27 11:15:00+05:30,26619.0,26619.7,26591.6,26602.3,6955,15m,FUTURES
2025-11-27 11:30:00+05:30,26602.3,26602.3,26580.0,26597.0,5460,15m,FUTURES
2025-11-27 11:45:00+05:30,26597.0,26597.0,26555.1,26572.0,14625,15m,FUTURES
2025-11-27 12:00:00+05:30,26572.0,26587.2,26555.2,26556.2,4615,15m,FUTURES
2025-11-27 12:15:00+05:30,26556.2,26567.5,26536.3,26544.1,9685,15m,FUTURES
2025-11-27 12:30:00+05:30,26544.1,26581.0,26542.7,26581.0,8190,15m,FUTURES
2025-11-27 12:45:00+05:30,26581.0,26583.7,26565.5,26570.0,5135,15m,FUTURES
2025-11-27 13:00:00+05:30,26570.0,26570.0,26500.6,26500.6,15925,15m,FUTURES
2025-11-27 13:15:00+05:30,26500.6,26518.0,26480.0,26492.3,24440,15m,FUTURES
2025-11-27 13:30:00+05:30,26490.5,26510.3,26476.0,26489.4,16575,15m,FUTURES
2025-11-27 13:45:00+05:30,26489.4,26523.2,26483.8,26520.0,11635,15m,FUTURES
2025-11-27 14:00:00+05:30,26522.0,26530.0,26500.0,26519.9,10075,15m,FUTURES
2025-11-27 14:15:00+05:30,26519.9,26551.5,26504.5,26546.2,7475,15m,FUTURES
2025-11-27 14:30:00+05:30,26546.2,26546.9,26521.0,26541.0,5655,15m,FUTURES
2025-11-27 14:45:00+05:30,26538.7,26538.7,26501.5,26518.0,6240,15m,FUTURES
2025-11-27 15:00:00+05:30,26518.0,26549.0,26518.0,26540.0,4420,15m,FUTURES
2025-11-27 15:15:00+05:30,26540.0,26558.0,26537.0,26545.0,15860,15m,FUTURES
2025-11-28 09:15:00+05:30,26548.7,26578.4,26526.0,26565.1,12870,15m,FUTURES
2025-11-28 09:30:00+05:30,26565.1,26588.0,26545.3,26565.2,18915,15m,FUTURES
2025-11-28 09:45:00+05:30,26565.2,26587.8,26555.0,26587.0,10790,15m,FUTURES
2025-11-28 10:00:00+05:30,26587.0,26599.8,26576.0,26578.6,10855,15m,FUTURES
2025-11-28 10:15:00+05:30,26578.6,26580.0,26560.0,26567.2,4810,15m,FUTURES
2025-11-28 10:30:00+05:30,26567.2,26598.1,26567.2,26595.0,5460,15m,FUTURES
2025-11-28 10:45:00+05:30,26595.0,26605.0,26580.0,26581.1,8970,15m,FUTURES
2025-11-28 11:00:00+05:30,26581.1,26598.0,26578.0,26592.5,5070,15m,FUTURES
2025-11-28 11:15:00+05:30,26592.5,26598.0,26563.6,26567.0,4420,15m,FUTURES
2025-11-28 11:30:00+05:30,26567.0,26577.0,26564.1,26574.4,3185,15m,FUTURES
2025-11-28 11:45:00+05:30,26574.4,26580.0,26567.4,26574.0,2990,15m,FUTURES
2025-11-28 12:00:00+05:30,26574.0,26574.0,26560.0,26567.0,2860,15m,FUTURES
2025-11-28 12:15:00+05:30,26567.0,26568.7,26551.0,26555.1,4290,15m,FUTURES
2025-11-28 12:30:00+05:30,26555.1,26574.6,26555.0,26562.2,3120,15m,FUTURES
2025-11-28 12:45:00+05:30,26562.2,26562.3,26535.3,26560.0,6110,15m,FUTURES
2025-11-28 13:00:00+05:30,26560.0,26560.0,26542.4,26550.0,1430,15m,FUTURES
2025-11-28 13:15:00+05:30,26550.0,26563.3,26540.2,26550.9,2015,15m,FUTURES
2025-11-28 13:30:00+05:30,26550.9,26570.5,26545.0,26550.9,2145,15m,FUTURES
2025-11-28 13:45:00+05:30,26550.9,26550.9,26526.0,26545.0,10010,15m,FUTURES
2025-11-28 14:00:00+05:30,26545.0,26552.4,26536.2,26538.6,2470,15m,FUTURES
2025-11-28 14:15:00+05:30,26538.6,26544.5,26530.0,26544.5,1885,15m,FUTURES
2025-11-28 14:30:00+05:30,26544.5,26557.4,26540.1,26540.1,2340,15m,FUTURES
2025-11-28 14:45:00+05:30,26540.1,26550.0,26536.0,26546.0,1755,15m,FUTURES
2025-11-28 15:00:00+05:30,26546.0,26553.7,26537.1,26537.1,5330,15m,FUTURES
2025-11-28 15:15:00+05:30,26537.1,26565.1,26537.1,26565.1,10595,15m,FUTURES
2025-12-01 09:15:00+05:30,26639.9,26649.9,26603.1,26615.0,36725,15m,FUTURES
2025-12-01 09:30:00+05:30,26615.0,26628.7,26607.0,26607.1,12675,15m,FUTURES
2025-12-01 09:45:00+05:30,26607.1,26616.9,26590.0,26594.1,10660,15m,FUTURES
2025-12-01 10:00:00+05:30,26594.1,26607.3,26590.1,26600.0,7995,15m,FUTURES
2025-12-01 10:15:00+05:30,26600.0,26605.1,26594.0,26600.0,5785,15m,FUTURES
2025-12-01 10:30:00+05:30,26600.0,26610.0,26580.3,26583.1,8840,15m,FUTURES
2025-12-01 10:45:00+05:30,26583.1,26583.1,26560.0,26566.0,17030,15m,FUTURES
2025-12-01 11:00:00+05:30,26566.0,26580.7,26560.0,26576.0,6565,15m,FUTURES
2025-12-01 11:15:00+05:30,26576.0,26588.0,26572.9,26583.9,5265,15m,FUTURES
2025-12-01 11:30:00+05:30,26583.9,26589.0,26535.0,26536.2,12935,15m,FUTURES
2025-12-01 11:45:00+05:30,26536.2,26544.8,26505.0,26540.0,25545,15m,FUTURES
2025-12-01 12:00:00+05:30,26540.0,26541.4,26500.0,26509.6,12870,15m,FUTURES
2025-12-01 12:15:00+05:30,26509.6,26518.0,26490.0,26518.0,13195,15m,FUTURES
2025-12-01 12:30:00+05:30,26518.0,26518.0,26472.0,26495.0,19305,15m,FUTURES
2025-12-01 12:45:00+05:30,26495.0,26511.5,26485.9,26511.5,4615,15m,FUTURES
2025-12-01 13:00:00+05:30,26511.5,26511.5,26496.9,26510.0,2730,15m,FUTURES
2025-12-01 13:15:00+05:30,26510.0,26523.5,26495.0,26498.0,4160,15m,FUTURES
2025-12-01 13:30:00+05:30,26498.0,26525.0,26490.0,26523.3,2405,15m,FUTURES
2025-12-01 13:45:00+05:30,26523.3,26525.6,26508.0,26508.0,3445,15m,FUTURES
2025-12-01 14:00:00+05:30,26508.0,26543.1,26508.0,26531.7,5785,15m,FUTURES
2025-12-01 14:15:00+05:30,26531.7,26535.0,26525.0,26525.0,1820,15m,FUTURES
2025-12-01 14:30:00+05:30,26525.0,26525.0,26500.0,26500.0,5005,15m,FUTURES
2025-12-01 14:45:00+05:30,26500.0,26508.1,26475.0,26480.0,9490,15m,FUTURES
2025-12-01 15:00:00+05:30,26480.0,26513.0,26480.0,26509.1,6825,15m,FUTURES
2025-12-01 15:15:00+05:30,26509.1,26513.9,26495.0,26497.0,10595,15m,FUTURES
2025-12-02 09:15:00+05:30,26450.0,26483.4,26432.7,26470.6,17940,15m,FUTURES
2025-12-02 09:30:00+05:30,26470.6,26470.6,26421.0,26427.0,19565,15m,FUTURES
2025-12-02 09:45:00+05:30,26427.0,26442.3,26415.0,26415.0,18850,15m,FUTURES
2025-12-02 10:00:00+05:30,26415.0,26422.5,26400.0,26407.0,18135,15m,FUTURES
2025-12-02 10:15:00+05:30,26407.0,26426.3,26395.0,26426.3,14755,15m,FUTURES
2025-12-02 10:30:00+05:30,26426.3,26438.8,26418.7,26420.0,7020,15m,FUTURES
2025-12-02 10:45:00+05:30,26420.0,26440.3,26410.0,26435.0,4875,15m,FUTURES
2025-12-02 11:00:00+05:30,26435.0,26440.8,26422.1,26425.5,3575,15m,FUTURES
2025-12-02 11:15:00+05:30,26425.5,26429.5,26405.0,26412.8,4095,15m,FUTURES
2025-12-02 11:30:00+05:30,26412.8,26420.5,26401.6,26408.3,10140,15m,FUTURES
2025-12-02 11:45:00+05:30,26408.3,26414.6,26391.0,26398.4,10335,15m,FUTURES
2025-12-02 12:00:00+05:30,26398.4,26411.5,26390.0,26405.2,8255,15m,FUTURES
2025-12-02 12:15:00+05:30,26405.2,26416.1,26396.5,26415.0,3380,15m,FUTURES
2025-12-02 12:30:00+05:30,26415.0,26431.9,26405.0,26405.0,5720,15m,FUTURES
2025-12-02 12:45:00+05:30,26405.0,26412.0,26385.0,26393.8,7410,15m,FUTURES
2025-12-02 13:00:00+05:30,26393.8,26402.0,26385.1,26386.0,8060,15m,FUTURES
2025-12-02 13:15:00+05:30,26386.0,26395.5,26379.9,26383.0,8385,15m,FUTURES
2025-12-02 13:30:00+05:30,26383.0,26389.4,26379.0,26379.0,5200,15m,FUTURES
2025-12-02 13:45:00+05:30,26379.0,26410.0,26376.0,26405.7,5720,15m,FUTURES
2025-12-02 14:00:00+05:30,26405.7,26405.7,26387.0,26393.7,5525,15m,FUTURES
2025-12-02 14:15:00+05:30,26393.7,26397.2,26377.0,26386.0,6760,15m,FUTURES
2025-12-02 14:30:00+05:30,26386.0,26386.0,26360.0,26365.0,16315,15m,FUTURES
2025-12-02 14:45:00+05:30,26365.0,26382.2,26361.0,26371.5,8840,15m,FUTURES
2025-12-02 15:00:00+05:30,26371.5,26392.0,26369.9,26385.1,10725,15m,FUTURES
2025-12-02 15:15:00+05:30,26385.1,26408.1,26385.0,26408.1,11115,15m,FUTURES
2025-12-03 09:15:00+05:30,26370.0,26385.8,26290.0,26290.5,39780,15m,FUTURES
2025-12-03 09:30:00+05:30,26290.5,26307.7,26260.9,26270.1,35815,15m,FUTURES
2025-12-03 09:45:00+05:30,26270.1,26283.2,26260.0,26278.9,17355,15m,FUTURES
2025-12-03 10:00:00+05:30,26278.9,26278.9,26231.2,26252.5,36855,15m,FUTURES
2025-12-03 10:15:00+05:30,26252.5,26260.0,26233.5,26242.0,14430,15m,FUTURES
2025-12-03 10:30:00+05:30,26242.0,26253.9,26220.0,26226.5,9035,15m,FUTURES
2025-12-03 10:45:00+05:30,26226.5,26249.4,26226.5,26241.1,5460,15m,FUTURES
2025-12-03 11:00:00+05:30,26241.1,26255.5,26232.4,26245.5,13455,15m,FUTURES
2025-12-03 11:15:00+05:30,26245.5,26250.0,26222.9,26239.0,10465,15m,FUTURES
2025-12-03 11:30:00+05:30,26239.0,26270.2,26238.9,26255.0,9815,15m,FUTURES
2025-12-03 11:45:00+05:30,26255.0,26265.1,26255.0,26257.0,2405,15m,FUTURES
2025-12-03 12:00:00+05:30,26257.0,26285.0,26253.2,26278.8,5525,15m,FUTURES
2025-12-03 12:15:00+05:30,26278.8,26290.0,26271.1,26274.0,6825,15m,FUTURES
2025-12-03 12:30:00+05:30,26274.0,26277.0,26245.0,26250.3,7670,15m,FUTURES
2025-12-03 12:45:00+05:30,26250.3,26262.2,26245.4,26262.2,4095,15m,FUTURES
2025-12-03 13:00:00+05:30,26262.2,26262.2,26250.0,26254.0,1365,15m,FUTURES
2025-12-03 13:15:00+05:30,26254.0,26270.0,26250.1,26270.0,2470,15m,FUTURES
2025-12-03 13:30:00+05:30,26270.0,26275.0,26250.0,26250.0,3120,15m,FUTURES
2025-12-03 13:45:00+05:30,26250.0,26251.3,26230.0,26240.0,9555,15m,FUTURES
2025-12-03 14:00:00+05:30,26240.0,26279.1,26235.0,26279.1,10140,15m,FUTURES
2025-12-03 14:15:00+05:30,26279.1,26283.3,26258.2,26258.2,5395,15m,FUTURES
2025-12-03 14:30:00+05:30,26258.2,26266.2,26251.0,26265.0,4095,15m,FUTURES
2025-12-03 14:45:00+05:30,26265.0,26283.0,26258.9,26280.8,16965,15m,FUTURES
2025-12-03 15:00:00+05:30,26285.0,26320.0,26280.0,26306.1,17420,15m,FUTURES
2025-12-03 15:15:00+05:30,26306.1,26316.3,26296.4,26314.9,15795,15m,FUTURES
2025-12-04 09:15:00+05:30,26272.0,26310.0,26230.5,26306.1,30225,15m,FUTURES
2025-12-04 09:30:00+05:30,26306.1,26338.0,26283.8,26328.6,11505,15m,FUTURES
2025-12-04 09:45:00+05:30,26328.6,26338.9,26317.7,26327.0,16510,15m,FUTURES
2025-12-04 10:00:00+05:30,26327.0,26345.0,26320.6,26340.6,8190,15m,FUTURES
2025-12-04 10:15:00+05:30,26340.6,26385.0,26335.7,26385.0,13000,15m,FUTURES
2025-12-04 10:30:00+05:30,26385.0,26406.0,26380.9,26406.0,15470,15m,FUTURES
2025-12-04 10:45:00+05:30,26406.0,26408.0,26382.8,26387.4,9100,15m,FUTURES
2025-12-04 11:00:00+05:30,26387.4,26399.0,26371.0,26375.9,6110,15m,FUTURES
2025-12-04 11:15:00+05:30,26375.9,26382.3,26360.3,26365.0,4550,15m,FUTURES
2025-12-04 11:30:00+05:30,26365.0,26370.0,26330.0,26330.0,5395,15m,FUTURES
2025-12-04 11:45:00+05:30,26330.0,26342.0,26318.5,26329.0,5330,15m,FUTURES
2025-12-04 12:00:00+05:30,26329.0,26356.9,26329.0,26335.7,2535,15m,FUTURES
2025-12-04 12:15:00+05:30,26335.7,26349.7,26311.1,26329.0,10335,15m,FUTURES
2025-12-04 12:30:00+05:30,26329.0,26338.7,26314.2,26314.2,3380,15m,FUTURES
2025-12-04 12:45:00+05:30,26314.2,26314.2,26285.7,26307.0,14820,15m,FUTURES
2025-12-04 13:00:00+05:30,26307.0,26315.0,26293.3,26308.7,5330,15m,FUTURES
2025-12-04 13:15:00+05:30,26308.7,26330.0,26301.0,26324.0,5460,15m,FUTURES
2025-12-04 13:30:00+05:30,26324.0,26330.0,26261.3,26269.1,17485,15m,FUTURES
2025-12-04 13:45:00+05:30,26269.1,26288.0,26265.7,26273.0,5720,15m,FUTURES
2025-12-04 14:00:00+05:30,26273.0,26318.0,26271.5,26310.0,3510,15m,FUTURES
2025-12-04 14:15:00+05:30,26310.0,26319.9,26296.8,26319.9,3965,15m,FUTURES
2025-12-04 14:30:00+05:30,26319.9,26327.9,26305.0,26315.0,3705,15m,FUTURES
2025-12-04 14:45:00+05:30,26315.0,26350.0,26301.0,26343.4,5395,15m,FUTURES
2025-12-04 15:00:00+05:30,26343.4,26360.0,26343.4,26351.5,9100,15m,FUTURES
2025-12-04 15:15:00+05:30,26351.5,26353.0,26341.6,26349.0,13130,15m,FUTURES
2025-12-05 09:15:00+05:30,26317.7,26365.7,26317.7,26343.4,12350,15m,FUTURES
2025-12-05 09:30:00+05:30,26343.4,26366.9,26335.0,26356.0,6370,15m,FUTURES
2025-12-05 09:45:00+05:30,26356.0,26370.0,26330.1,26342.9,5265,15m,FUTURES
2025-12-05 10:00:00+05:30,26342.9,26431.3,26328.0,26410.0,25285,15m,FUTURES
2025-12-05 10:15:00+05:30,26410.0,26445.0,26363.6,26369.0,26845,15m,FUTURES
2025-12-05 10:30:00+05:30,26369.0,26406.0,26322.3,26406.0,20085,15m,FUTURES
2025-12-05 10:45:00+05:30,26406.0,26435.0,26398.3,26417.9,13000,15m,FUTURES
2025-12-05 11:00:00+05:30,26417.9,26448.0,26417.9,26441.8,15405,15m,FUTURES
2025-12-05 11:15:00+05:30,26441.8,26463.2,26433.0,26445.3,25025,15m,FUTURES
2025-12-05 11:30:00+05:30,26445.3,26450.0,26435.7,26440.5,7020,15m,FUTURES
2025-12-05 11:45:00+05:30,26440.5,26455.0,26431.9,26444.4,3770,15m,FUTURES
2025-12-05 12:00:00+05:30,26444.4,26453.0,26440.0,26446.0,2405,15m,FUTURES
2025-12-05 12:15:00+05:30,26446.0,26484.0,26444.0,26480.0,15535,15m,FUTURES
2025-12-05 12:30:00+05:30,26480.0,26511.9,26476.0,26498.0,23790,15m,FUTURES
2025-12-05 12:45:00+05:30,26498.0,26515.0,26496.0,26496.5,10075,15m,FUTURES
2025-12-05 13:00:00+05:30,26496.5,26511.0,26490.0,26500.9,10530,15m,FUTURES
2025-12-05 13:15:00+05:30,26500.9,26515.0,26498.2,26508.0,7540,15m,FUTURES
2025-12-05 13:30:00+05:30,26508.0,26524.0,26502.4,26518.0,7800,15m,FUTURES
2025-12-05 13:45:00+05:30,26518.0,26520.0,26478.3,26478.3,9100,15m,FUTURES
2025-12-05 14:00:00+05:30,26478.3,26494.9,26469.1,26480.0,6370,15m,FUTURES
2025-12-05 14:15:00+05:30,26480.0,26494.3,26476.3,26478.7,1560,15m,FUTURES
2025-12-05 14:30:00+05:30,26478.7,26482.5,26458.9,26469.0,5005,15m,FUTURES
2025-12-05 14:45:00+05:30,26469.0,26479.9,26441.0,26475.0,10205,15m,FUTURES
2025-12-05 15:00:00+05:30,26475.0,26500.0,26475.0,26492.3,9100,15m,FUTURES
2025-12-05 15:15:00+05:30,26492.3,26499.3,26487.0,26499.3,14495,15m,FUTURES
2025-12-08 09:15:00+05:30,26499.9,26499.9,26450.0,26454.7,24310,15m,FUTURES
2025-12-08 09:30:00+05:30,26454.7,26454.7,26425.0,26444.6,17290,15m,FUTURES
2025-12-08 09:45:00+05:30,26444.6,26448.2,26401.0,26410.0,23400,15m,FUTURES
2025-12-08 10:00:00+05:30,26410.0,26414.5,26392.5,26413.0,21970,15m,FUTURES
2025-12-08 10:15:00+05:30,26413.0,26424.5,26397.5,26416.2,7800,15m,FUTURES
2025-12-08 10:30:00+05:30,26416.2,26416.2,26398.1,26409.8,6305,15m,FUTURES
2025-12-08 10:45:00+05:30,26409.8,26415.0,26390.0,26391.0,11830,15m,FUTURES
2025-12-08 11:00:00+05:30,26391.0,26395.1,26375.2,26395.1,12155,15m,FUTURES
2025-12-08 11:15:00+05:30,26395.1,26399.4,26377.0,26382.1,6695,15m,FUTURES
2025-12-08 11:30:00+05:30,26382.1,26389.4,26370.0,26386.0,7735,15m,FUTURES
2025-12-08 11:45:00+05:30,26386.0,26396.2,26378.6,26382.0,3380,15m,FUTURES
2025-12-08 12:00:00+05:30,26382.0,26382.0,26352.9,26352.9,11310,15m,FUTURES
2025-12-08 12:15:00+05:30,26352.9,26365.0,26341.0,26341.0,13260,15m,FUTURES
2025-12-08 12:30:00+05:30,26341.0,26344.0,26331.6,26335.0,13000,15m,FUTURES
2025-12-08 12:45:00+05:30,26335.0,26342.9,26330.0,26334.7,8710,15m,FUTURES
2025-12-08 13:00:00+05:30,26334.7,26355.8,26325.1,26346.5,10075,15m,FUTURES
2025-12-08 13:15:00+05:30,26346.5,26346.5,26270.0,26278.2,37115,15m,FUTURES
2025-12-08 13:30:00+05:30,26278.2,26279.3,26211.0,26238.6,65130,15m,FUTURES
2025-12-08 13:45:00+05:30,26238.6,26258.9,26234.7,26242.0,13715,15m,FUTURES
2025-12-08 14:00:00+05:30,26242.0,26250.9,26221.7,26238.4,19045,15m,FUTURES
2025-12-08 14:15:00+05:30,26238.4,26243.0,26211.0,26239.6,19370,15m,FUTURES
2025-12-08 14:30:00+05:30,26239.6,26239.6,26222.1,26234.9,10660,15m,FUTURES
2025-12-08 14:45:00+05:30,26234.9,26260.0,26230.9,26240.0,10140,15m,FUTURES
2025-12-08 15:00:00+05:30,26240.0,26266.0,26240.0,26249.5,17420,15m,FUTURES
2025-12-08 15:15:00+05:30,26249.5,26250.0,26215.0,26218.7,27950,15m,FUTURES
2025-12-09 09:15:00+05:30,26156.5,26198.9,26110.0,26115.9,53430,15m,FUTURES
2025-12-09 09:30:00+05:30,26115.9,26115.9,26074.0,26079.0,64805,15m,FUTURES
2025-12-09 09:45:00+05:30,26079.0,26084.7,26043.8,26047.0,47580,15m,FUTURES
2025-12-09 10:00:00+05:30,26047.0,26099.0,26045.3,26098.3,32240,15m,FUTURES
2025-12-09 10:15:00+05:30,26098.3,26145.0,26092.0,26121.7,27625,15m,FUTURES
2025-12-09 10:30:00+05:30,26122.1,26129.4,26083.1,26101.0,17290,15m,FUTURES
2025-12-09 10:45:00+05:30,26101.0,26130.0,26092.0,26130.0,8905,15m,FUTURES
2025-12-09 11:00:00+05:30,26130.0,26162.0,26112.8,26162.0,12480,15m,FUTURES
2025-12-09 11:15:00+05:30,26162.0,26162.0,26137.4,26158.7,11375,15m,FUTURES
2025-12-09 11:30:00+05:30,26158.7,26160.0,26111.4,26111.4,9100,15m,FUTURES
2025-12-09 11:45:00+05:30,26111.4,26160.0,26108.0,26144.2,6630,15m,FUTURES
2025-12-09 12:00:00+05:30,26144.2,26182.7,26141.1,26182.7,13455,15m,FUTURES
2025-12-09 12:15:00+05:30,26182.7,26201.0,26167.1,26188.0,14950,15m,FUTURES
2025-12-09 12:30:00+05:30,26188.0,26200.5,26151.2,26174.2,7930,15m,FUTURES
2025-12-09 12:45:00+05:30,26174.2,26179.0,26137.6,26153.2,9815,15m,FUTURES
2025-12-09 13:00:00+05:30,26153.2,26176.9,26141.9,26161.0,4875,15m,FUTURES
2025-12-09 13:15:00+05:30,26161.0,26184.0,26155.0,26184.0,4810,15m,FUTURES
2025-12-09 13:30:00+05:30,26184.0,26194.9,26166.1,26187.8,6630,15m,FUTURES
2025-12-09 13:45:00+05:30,26187.8,26194.0,26175.0,26193.0,5980,15m,FUTURES
2025-12-09 14:00:00+05:30,26193.0,26194.9,26157.0,26175.0,3705,15m,FUTURES
2025-12-09 14:15:00+05:30,26175.0,26178.5,26125.1,26132.0,14235,15m,FUTURES
2025-12-09 14:30:00+05:30,26132.0,26137.3,26103.0,26122.0,18200,15m,FUTURES
2025-12-09 14:45:00+05:30,26122.0,26125.0,26102.2,26120.0,9360,15m,FUTURES
2025-12-09 15:00:00+05:30,26120.0,26140.7,26116.0,26134.7,10920,15m,FUTURES
2025-12-09 15:15:00+05:30,26134.7,26141.1,26123.0,26125.0,19630,15m,FUTURES
2025-12-10 09:15:00+05:30,26118.0,26166.7,26100.0,26157.0,25935,15m,FUTURES
2025-12-10 09:30:00+05:30,26157.0,26188.0,26156.0,26185.0,15405,15m,FUTURES
2025-12-10 09:45:00+05:30,26185.0,26195.0,26160.0,26160.0,8840,15m,FUTURES
2025-12-10 10:00:00+05:30,26160.0,26198.0,26158.0,26196.0,8515,15m,FUTURES
2025-12-10 10:15:00+05:30,26196.0,26220.9,26192.4,26193.3,14885,15m,FUTURES
2025-12-10 10:30:00+05:30,26193.3,26209.9,26177.0,26187.0,11115,15m,FUTURES
2025-12-10 10:45:00+05:30,26187.0,26194.4,26111.0,26111.0,15405,15m,FUTURES
2025-12-10 11:00:00+05:30,26111.0,26144.0,26095.6,26144.0,15730,15m,FUTURES
2025-12-10 11:15:00+05:30,26144.0,26149.9,26129.4,26129.4,3640,15m,FUTURES
2025-12-10 11:30:00+05:30,26129.4,26134.4,26111.9,26122.2,6955,15m,FUTURES
2025-12-10 11:45:00+05:30,26122.2,26124.0,26104.0,26119.4,4030,15m,FUTURES
2025-12-10 12:00:00+05:30,26119.4,26130.0,26090.1,26104.5,14885,15m,FUTURES
2025-12-10 12:15:00+05:30,26104.5,26117.7,26091.4,26094.9,11700,15m,FUTURES
2025-12-10 12:30:00+05:30,26094.9,26094.9,26040.0,26045.0,35880,15m,FUTURES
2025-12-10 12:45:00+05:30,26045.0,26075.0,26045.0,26074.0,10335,15m,FUTURES
2025-12-10 13:00:00+05:30,26074.0,26085.7,26066.0,26075.0,10465,15m,FUTURES
2025-12-10 13:15:00+05:30,26075.0,26116.2,26072.9,26108.3,12610,15m,FUTURES
2025-12-10 13:30:00+05:30,26108.3,26129.9,26098.2,26100.0,8255,15m,FUTURES
2025-12-10 13:45:00+05:30,26100.0,26100.0,26065.7,26068.9,13650,15m,FUTURES
2025-12-10 14:00:00+05:30,26068.9,26069.0,26031.0,26037.9,35230,15m,FUTURES
2025-12-10 14:15:00+05:30,26037.9,26046.5,26015.0,26018.6,13455,15m,FUTURES
2025-12-10 14:30:00+05:30,26018.6,26058.8,26018.6,26033.4,13455,15m,FUTURES
2025-12-10 14:45:00+05:30,26033.4,26049.0,26016.8,26038.2,11765,15m,FUTURES
2025-12-10 15:00:00+05:30,26038.2,26050.0,26024.1,26028.5,12610,15m,FUTURES
2025-12-10 15:15:00+05:30,26028.5,26041.8,26026.0,26026.1,20345,15m,FUTURES
2025-12-11 09:15:00+05:30,26050.0,26096.7,26015.1,26078.4,30225,15m,FUTURES
2025-12-11 09:30:00+05:30,26078.4,26084.5,25969.2,25988.7,37635,15m,FUTURES
2025-12-11 09:45:00+05:30,25988.7,26021.8,25970.4,26000.0,27170,15m,FUTURES
2025-12-11 10:00:00+05:30,26000.0,26090.0,25994.0,26090.0,20345,15m,FUTURES
2025-12-11 10:15:00+05:30,26092.0,26110.2,26080.9,26095.0,14495,15m,FUTURES
2025-12-11 10:30:00+05:30,26094.0,26126.0,26089.5,26109.2,11830,15m,FUTURES
2025-12-11 10:45:00+05:30,26109.2,26129.0,26080.0,26090.5,10855,15m,FUTURES
2025-12-11 11:00:00+05:30,26090.5,26091.9,26050.0,26084.5,10855,15m,FUTURES
2025-12-11 11:15:00+05:30,26084.5,26115.0,26075.0,26103.0,5395,15m,FUTURES
2025-12-11 11:30:00+05:30,26103.0,26118.0,26090.0,26106.0,5655,15m,FUTURES
2025-12-11 11:45:00+05:30,26106.0,26129.9,26095.1,26124.8,12285,15m,FUTURES
2025-12-11 12:00:00+05:30,26124.8,26168.0,26124.5,26148.9,23985,15m,FUTURES
2025-12-11 12:15:00+05:30,26148.9,26190.0,26145.1,26180.3,16315,15m,FUTURES
2025-12-11 12:30:00+05:30,26180.3,26187.0,26156.0,26170.0,11895,15m,FUTURES
2025-12-11 12:45:00+05:30,26170.0,26180.0,26152.5,26163.2,6955,15m,FUTURES
2025-12-11 13:00:00+05:30,26163.2,26167.2,26126.0,26136.0,14950,15m,FUTURES
2025-12-11 13:15:00+05:30,26136.0,26158.8,26135.1,26138.0,8515,15m,FUTURES
2025-12-11 13:30:00+05:30,26138.0,26167.4,26138.0,26150.0,4745,15m,FUTURES
2025-12-11 13:45:00+05:30,26150.0,26170.6,26140.2,26166.0,4290,15m,FUTURES
2025-12-11 14:00:00+05:30,26166.0,26166.0,26131.1,26141.0,5135,15m,FUTURES
2025-12-11 14:15:00+05:30,26141.0,26185.7,26141.0,26185.7,13195,15m,FUTURES
2025-12-11 14:30:00+05:30,26185.7,26196.0,26159.0,26159.9,11310,15m,FUTURES
2025-12-11 14:45:00+05:30,26160.0,26160.0,26140.0,26155.0,6240,15m,FUTURES
2025-12-11 15:00:00+05:30,26155.0,26179.2,26155.0,26169.7,6890,15m,FUTURES
2025-12-11 15:15:00+05:30,26169.7,26179.2,26160.0,26170.0,14170,15m,FUTURES
2025-12-12 09:15:00+05:30,26239.7,26275.0,26230.1,26269.3,52910,15m,FUTURES
2025-12-12 09:30:00+05:30,26269.3,26299.5,26269.3,26288.4,51545,15m,FUTURES
2025-12-12 09:45:00+05:30,26288.4,26291.9,26263.4,26266.0,11180,15m,FUTURES
2025-12-12 10:00:00+05:30,26266.0,26274.0,26233.0,26258.7,13260,15m,FUTURES
2025-12-12 10:15:00+05:30,26258.7,26285.0,26201.0,26220.0,16575,15m,FUTURES
2025-12-12 10:30:00+05:30,26220.0,26250.0,26220.0,26223.0,9685,15m,FUTURES
2025-12-12 10:45:00+05:30,26223.0,26244.8,26210.0,26210.1,8060,15m,FUTURES
2025-12-12 11:00:00+05:30,26210.1,26265.0,26210.1,26248.3,8060,15m,FUTURES
2025-12-12 11:15:00+05:30,26248.3,26280.0,26248.3,26267.1,10140,15m,FUTURES
2025-12-12 11:30:00+05:30,26267.1,26280.0,26266.3,26269.7,3965,15m,FUTURES
2025-12-12 11:45:00+05:30,26269.7,26290.0,26266.3,26280.0,5720,15m,FUTURES
2025-12-12 12:00:00+05:30,26280.0,26289.0,26259.3,26270.0,6825,15m,FUTURES
2025-12-12 12:15:00+05:30,26270.0,26285.0,26263.5,26280.0,3315,15m,FUTURES
2025-12-12 12:30:00+05:30,26280.0,26293.8,26270.0,26271.0,4485,15m,FUTURES
2025-12-12 12:45:00+05:30,26271.0,26280.0,26261.2,26280.0,2405,15m,FUTURES
2025-12-12 13:00:00+05:30,26280.0,26290.0,26261.1,26290.0,5785,15m,FUTURES
2025-12-12 13:15:00+05:30,26290.0,26290.9,26270.0,26270.0,4225,15m,FUTURES
2025-12-12 13:30:00+05:30,26270.0,26284.5,26261.0,26284.3,4160,15m,FUTURES
2025-12-12 13:45:00+05:30,26284.3,26291.8,26271.0,26280.5,8255,15m,FUTURES
2025-12-12 14:00:00+05:30,26280.5,26309.0,26278.5,26295.1,16770,15m,FUTURES
2025-12-12 14:15:00+05:30,26295.1,26305.7,26283.3,26290.0,7540,15m,FUTURES
2025-12-12 14:30:00+05:30,26290.0,26300.0,26278.0,26280.6,16185,15m,FUTURES
2025-12-12 14:45:00+05:30,26280.6,26292.4,26271.0,26284.1,8515,15m,FUTURES
2025-12-12 15:00:00+05:30,26284.1,26309.0,26284.1,26304.6,23530,15m,FUTURES
2025-12-12 15:15:00+05:30,26304.6,26306.9,26291.3,26305.0,22750,15m,FUTURES
2025-12-15 09:15:00+05:30,26238.4,26238.4,26175.0,26177.0,70460,15m,FUTURES
2025-12-15 09:30:00+05:30,26177.0,26194.2,26168.0,26168.0,26065,15m,FUTURES
2025-12-15 09:45:00+05:30,26168.0,26200.0,26155.0,26199.9,40430,15m,FUTURES
2025-12-15 10:00:00+05:30,26199.9,26210.0,26190.3,26210.0,11570,15m,FUTURES
2025-12-15 10:15:00+05:30,26210.0,26221.0,26193.4,26216.0,14365,15m,FUTURES
2025-12-15 10:30:00+05:30,26216.0,26225.0,26190.0,26213.0,8775,15m,FUTURES
2025-12-15 10:45:00+05:30,26213.0,26235.9,26208.7,26222.3,12480,15m,FUTURES
2025-12-15 11:00:00+05:30,26222.3,26234.0,26213.0,26220.0,4745,15m,FUTURES
2025-12-15 11:15:00+05:30,26220.0,26242.0,26209.1,26238.7,9295,15m,FUTURES
2025-12-15 11:30:00+05:30,26238.7,26241.1,26200.4,26204.0,4355,15m,FUTURES
2025-12-15 11:45:00+05:30,26204.0,26272.8,26204.0,26261.0,27430,15m,FUTURES
2025-12-15 12:00:00+05:30,26261.0,26279.0,26257.1,26262.0,15080,15m,FUTURES
2025-12-15 12:15:00+05:30,26262.0,26272.6,26255.0,26268.9,5915,15m,FUTURES
2025-12-15 12:30:00+05:30,26268.9,26277.0,26249.8,26255.0,8645,15m,FUTURES
2025-12-15 12:45:00+05:30,26255.0,26265.9,26247.6,26252.9,4225,15m,FUTURES
2025-12-15 13:00:00+05:30,26252.9,26285.0,26252.9,26284.9,7150,15m,FUTURES
2025-12-15 13:15:00+05:30,26285.0,26286.9,26266.0,26267.0,26910,15m,FUTURES
2025-12-15 13:30:00+05:30,26266.1,26275.0,26262.0,26262.0,7085,15m,FUTURES
2025-12-15 13:45:00+05:30,26262.0,26276.5,26260.5,26265.0,5590,15m,FUTURES
2025-12-15 14:00:00+05:30,26265.0,26283.0,26250.0,26256.4,13195,15m,FUTURES
2025-12-15 14:15:00+05:30,26256.4,26268.0,26254.1,26264.6,4615,15m,FUTURES
2025-12-15 14:30:00+05:30,26264.6,26280.0,26251.4,26280.0,6630,15m,FUTURES
2025-12-15 14:45:00+05:30,26280.0,26288.0,26268.5,26278.0,4615,15m,FUTURES
2025-12-15 15:00:00+05:30,26278.0,26280.0,26260.2,26279.0,7020,15m,FUTURES
2025-12-15 15:15:00+05:30,26267.7,26273.4,26260.8,26265.0,6955,15m,FUTURES
2025-12-16 09:15:00+05:30,26211.0,26228.6,26175.5,26179.9,63310,15m,FUTURES
2025-12-16 09:30:00+05:30,26179.9,26188.4,26166.0,26185.0,23595,15m,FUTURES
2025-12-16 09:45:00+05:30,26185.0,26193.9,26154.0,26157.8,16315,15m,FUTURES
2025-12-16 10:00:00+05:30,26157.8,26157.8,26140.0,26143.5,28405,15m,FUTURES
2025-12-16 10:15:00+05:30,26143.0,26169.5,26138.0,26163.0,12675,15m,FUTURES
2025-12-16 10:30:00+05:30,26163.0,26170.5,26150.0,26158.3,6045,15m,FUTURES
2025-12-16 10:45:00+05:30,26158.3,26159.5,26145.0,26148.0,6630,15m,FUTURES
2025-12-16 11:00:00+05:30,26148.0,26162.2,26143.2,26152.6,7930,15m,FUTURES
2025-12-16 11:15:00+05:30,26152.6,26156.0,26143.5,26150.6,7865,15m,FUTURES
2025-12-16 11:30:00+05:30,26150.6,26157.6,26121.6,26130.0,20475,15m,FUTURES
2025-12-16 11:45:00+05:30,26130.0,26140.0,26122.9,26134.2,10075,15m,FUTURES
2025-12-16 12:00:00+05:30,26134.2,26144.4,26124.0,26139.9,8710,15m,FUTURES
2025-12-16 12:15:00+05:30,26139.9,26149.9,26131.6,26149.9,10465,15m,FUTURES
2025-12-16 12:30:00+05:30,26149.9,26162.5,26125.3,26142.1,19760,15m,FUTURES
2025-12-16 12:45:00+05:30,26142.1,26144.3,26125.0,26142.9,10465,15m,FUTURES
2025-12-16 13:00:00+05:30,26142.9,26142.9,26125.1,26134.4,3640,15m,FUTURES
2025-12-16 13:15:00+05:30,26134.4,26140.1,26130.0,26140.1,6435,15m,FUTURES
2025-12-16 13:30:00+05:30,26133.2,26163.3,26133.2,26154.0,11440,15m,FUTURES
2025-12-16 13:45:00+05:30,26154.0,26170.0,26148.0,26148.0,8710,15m,FUTURES
2025-12-16 14:00:00+05:30,26148.0,26150.0,26131.0,26134.1,12740,15m,FUTURES
2025-12-16 14:15:00+05:30,26134.1,26142.0,26112.0,26129.4,18460,15m,FUTURES
2025-12-16 14:30:00+05:30,26129.4,26135.0,26119.0,26132.2,8840,15m,FUTURES
2025-12-16 14:45:00+05:30,26132.2,26142.9,26125.1,26134.0,7410,15m,FUTURES
2025-12-16 15:00:00+05:30,26134.0,26141.9,26115.0,26116.0,17810,15m,FUTURES
2025-12-16 15:15:00+05:30,26116.0,26119.6,26099.0,26099.0,37700,15m,FUTURES
2025-12-17 09:15:00+05:30,26125.0,26160.0,26079.4,26145.0,36270,15m,FUTURES
2025-12-17 09:30:00+05:30,26145.0,26164.8,26111.1,26120.0,23205,15m,FUTURES
2025-12-17 09:45:00+05:30,26120.0,26130.0,26090.1,26107.1,18005,15m,FUTURES
2025-12-17 10:00:00+05:30,26107.1,26107.1,26058.4,26079.0,18980,15m,FUTURES
2025-12-17 10:15:00+05:30,26081.0,26091.8,26050.0,26051.0,15925,15m,FUTURES
2025-12-17 10:30:00+05:30,26051.0,26074.2,26050.0,26062.7,9815,15m,FUTURES
2025-12-17 10:45:00+05:30,26062.7,26078.1,26049.0,26068.8,16705,15m,FUTURES
2025-12-17 11:00:00+05:30,26068.8,26085.9,26061.1,26083.9,6565,15m,FUTURES
2025-12-17 11:15:00+05:30,26083.9,26092.8,26051.0,26051.4,11570,15m,FUTURES
2025-12-17 11:30:00+05:30,26051.4,26078.8,26050.1,26072.0,5785,15m,FUTURES
2025-12-17 11:45:00+05:30,26072.0,26083.9,26063.0,26063.0,5720,15m,FUTURES
2025-12-17 12:00:00+05:30,26063.0,26063.0,26037.0,26046.0,15665,15m,FUTURES
2025-12-17 12:15:00+05:30,26046.0,26054.0,26030.0,26037.2,10725,15m,FUTURES
2025-12-17 12:30:00+05:30,26037.2,26045.5,26031.6,26041.6,33215,15m,FUTURES
2025-12-17 12:45:00+05:30,26041.6,26055.3,26030.0,26037.4,13390,15m,FUTURES
2025-12-17 13:00:00+05:30,26037.4,26048.7,26032.1,26040.1,6825,15m,FUTURES
2025-12-17 13:15:00+05:30,26040.1,26062.8,26038.0,26055.5,9035,15m,FUTURES
2025-12-17 13:30:00+05:30,26055.5,26055.5,26030.0,26032.8,10920,15m,FUTURES
2025-12-17 13:45:00+05:30,26032.8,26046.4,26029.9,26045.0,4420,15m,FUTURES
2025-12-17 14:00:00+05:30,26045.0,26051.5,26035.0,26049.7,8255,15m,FUTURES
2025-12-17 14:15:00+05:30,26049.7,26060.0,26034.2,26035.0,5850,15m,FUTURES
2025-12-17 14:30:00+05:30,26035.0,26053.7,26026.0,26040.5,8840,15m,FUTURES
2025-12-17 14:45:00+05:30,26040.5,26060.0,26040.5,26059.0,5005,15m,FUTURES
2025-12-17 15:00:00+05:30,26059.0,26066.0,26051.4,26055.0,9945,15m,FUTURES
2025-12-17 15:15:00+05:30,26055.0,26074.0,26051.1,26071.0,11830,15m,FUTURES
2025-12-18 09:15:00+05:30,26019.1,26048.7,26000.1,26026.6,26715,15m,FUTURES
2025-12-18 09:30:00+05:30,26026.6,26034.7,25995.0,25998.3,29120,15m,FUTURES
2025-12-18 09:45:00+05:30,25998.3,25998.3,25975.1,25995.0,23660,15m,FUTURES
2025-12-18 10:00:00+05:30,25995.0,26035.0,25983.9,26033.8,19110,15m,FUTURES
2025-12-18 10:15:00+05:30,26033.8,26086.5,26025.0,26078.6,38740,15m,FUTURES
2025-12-18 10:30:00+05:30,26078.6,26105.0,26071.3,26090.0,22620,15m,FUTURES
2025-12-18 10:45:00+05:30,26090.0,26100.0,26080.7,26090.6,6695,15m,FUTURES
2025-12-18 11:00:00+05:30,26090.6,26091.9,26066.1,26076.4,22815,15m,FUTURES
2025-12-18 11:15:00+05:30,26076.4,26099.8,26064.1,26099.8,8905,15m,FUTURES
2025-12-18 11:30:00+05:30,26099.8,26106.0,26093.0,26093.0,7540,15m,FUTURES
2025-12-18 11:45:00+05:30,26093.0,26120.0,26085.5,26110.0,11180,15m,FUTURES
2025-12-18 12:00:00+05:30,26110.0,26125.0,26103.4,26115.4,10530,15m,FUTURES
2025-12-18 12:15:00+05:30,26115.4,26122.2,26108.5,26121.5,6110,15m,FUTURES
2025-12-18 12:30:00+05:30,26121.5,26135.0,26116.1,26126.5,12090,15m,FUTURES
2025-12-18 12:45:00+05:30,26126.5,26135.0,26106.0,26110.1,11830,15m,FUTURES
2025-12-18 13:00:00+05:30,26110.1,26125.0,26107.0,26122.4,7085,15m,FUTURES
2025-12-18 13:15:00+05:30,26122.4,26122.4,26106.4,26115.2,8775,15m,FUTURES
2025-12-18 13:30:00+05:30,26115.2,26115.2,26085.0,26091.4,9815,15m,FUTURES
2025-12-18 13:45:00+05:30,26091.4,26104.9,26081.0,26083.7,4745,15m,FUTURES
2025-12-18 14:00:00+05:30,26083.7,26083.7,26042.6,26046.0,18395,15m,FUTURES
2025-12-18 14:15:00+05:30,26046.0,26063.2,26024.5,26033.6,20930,15m,FUTURES
2025-12-18 14:30:00+05:30,26033.6,26060.0,26030.0,26038.9,11375,15m,FUTURES
2025-12-18 14:45:00+05:30,26038.9,26049.0,26022.0,26027.1,15860,15m,FUTURES
2025-12-18 15:00:00+05:30,26027.1,26059.5,26027.1,26050.0,10790,15m,FUTURES
2025-12-18 15:15:00+05:30,26050.0,26053.0,26041.0,26045.0,15015,15m,FUTURES
2025-12-19 09:15:00+05:30,26120.0,26164.0,26103.5,26164.0,93210,15m,FUTURES
2025-12-19 09:30:00+05:30,26164.0,26187.0,26162.4,26173.0,45955,15m,FUTURES
2025-12-19 09:45:00+05:30,26173.0,26185.4,26158.0,26180.0,31720,15m,FUTURES
2025-12-19 10:00:00+05:30,26180.0,26185.0,26150.0,26153.6,17940,15m,FUTURES
2025-12-19 10:15:00+05:30,26153.6,26180.0,26152.1,26179.2,8710,15m,FUTURES
2025-12-19 10:30:00+05:30,26179.2,26194.0,26168.7,26194.0,19955,15m,FUTURES
2025-12-19 10:45:00+05:30,26194.0,26194.1,26170.0,26170.0,10140,15m,FUTURES
2025-12-19 11:00:00+05:30,26170.0,26179.5,26164.0,26165.9,7670,15m,FUTURES
2025-12-19 11:15:00+05:30,26165.9,26179.5,26150.0,26154.3,5720,15m,FUTURES
2025-12-19 11:30:00+05:30,26154.3,26159.3,26132.9,26132.9,19240,15m,FUTURES
2025-12-19 11:45:00+05:30,26132.9,26148.0,26128.0,26143.9,15730,15m,FUTURES
2025-12-19 12:00:00+05:30,26143.9,26166.7,26138.8,26151.3,5785,15m,FUTURES
2025-12-19 12:15:00+05:30,26151.3,26156.1,26137.2,26141.3,13130,15m,FUTURES
2025-12-19 12:30:00+05:30,26141.3,26170.0,26141.3,26169.0,4420,15m,FUTURES
2025-12-19 12:45:00+05:30,26169.0,26170.0,26158.0,26159.0,5850,15m,FUTURES
2025-12-19 13:00:00+05:30,26159.0,26168.0,26144.2,26144.2,40560,15m,FUTURES
2025-12-19 13:15:00+05:30,26144.2,26169.0,26144.2,26165.0,3380,15m,FUTURES
2025-12-19 13:30:00+05:30,26165.0,26184.9,26165.0,26180.0,10660,15m,FUTURES
2025-12-19 13:45:00+05:30,26180.0,26185.0,26172.0,26180.0,13845,15m,FUTURES
2025-12-19 14:00:00+05:30,26180.0,26186.0,26170.1,26182.0,24245,15m,FUTURES
2025-12-19 14:15:00+05:30,26182.0,26200.0,26176.5,26176.5,15925,15m,FUTURES
2025-12-19 14:30:00+05:30,26176.5,26190.0,26174.0,26185.0,8905,15m,FUTURES
2025-12-19 14:45:00+05:30,26185.0,26190.0,26172.9,26174.5,13325,15m,FUTURES
2025-12-19 15:00:00+05:30,26174.5,26195.0,26170.0,26192.6,29770,15m,FUTURES
2025-12-19 15:15:00+05:30,26192.6,26198.0,26188.0,26195.0,23335,15m,FUTURES
2025-12-22 09:15:00+05:30,26289.8,26342.1,26262.1,26332.4,137215,15m,FUTURES
2025-12-22 09:30:00+05:30,26333.2,26342.0,26319.5,26333.9,49465,15m,FUTURES
2025-12-22 09:45:00+05:30,26333.9,26345.0,26323.3,26342.2,30550,15m,FUTURES
2025-12-22 10:00:00+05:30,26342.2,26349.0,26333.1,26335.2,21775,15m,FUTURES
2025-12-22 10:15:00+05:30,26335.2,26345.0,26333.6,26336.1,15080,15m,FUTURES
2025-12-22 10:30:00+05:30,26336.1,26344.0,26331.0,26337.9,18135,15m,FUTURES
2025-12-22 10:45:00+05:30,26337.9,26350.0,26335.0,26349.0,17095,15m,FUTURES
2025-12-22 11:00:00+05:30,26349.0,26350.7,26340.0,26340.0,27625,15m,FUTURES
2025-12-22 11:15:00+05:30,26340.0,26350.0,26333.1,26341.8,15340,15m,FUTURES
2025-12-22 11:30:00+05:30,26341.8,26352.3,26339.7,26339.7,13975,15m,FUTURES
2025-12-22 11:45:00+05:30,26339.7,26357.0,26339.7,26352.0,24310,15m,FUTURES
2025-12-22 12:00:00+05:30,26352.0,26357.9,26339.8,26339.8,20995,15m,FUTURES
2025-12-22 12:15:00+05:30,26339.8,26359.2,26339.8,26350.0,20150,15m,FUTURES
2025-12-22 12:30:00+05:30,26350.0,26354.1,26342.9,26344.0,10985,15m,FUTURES
2025-12-22 12:45:00+05:30,26344.0,26352.0,26335.8,26349.0,12610,15m,FUTURES
2025-12-22 13:00:00+05:30,26349.0,26353.0,26343.4,26348.0,9685,15m,FUTURES
2025-12-22 13:15:00+05:30,26348.0,26355.9,26344.5,26350.1,14430,15m,FUTURES
2025-12-22 13:30:00+05:30,26350.1,26358.0,26345.0,26349.0,7605,15m,FUTURES
2025-12-22 13:45:00+05:30,26349.0,26355.0,26346.0,26350.2,9685,15m,FUTURES
2025-12-22 14:00:00+05:30,26350.2,26355.1,26340.2,26351.0,15730,15m,FUTURES
2025-12-22 14:15:00+05:30,26351.0,26359.0,26345.0,26356.3,24180,15m,FUTURES
2025-12-22 14:30:00+05:30,26356.3,26370.0,26354.7,26359.5,44395,15m,FUTURES
2025-12-22 14:45:00+05:30,26359.5,26373.0,26359.2,26372.0,26065,15m,FUTURES
2025-12-22 15:00:00+05:30,26372.0,26379.0,26370.0,26378.0,157755,15m,FUTURES
2025-12-22 15:15:00+05:30,26378.0,26383.9,26371.0,26382.0,160355,15m,FUTURES
2025-12-23 09:15:00+05:30,26382.9,26411.0,26365.0,26370.5,117520,15m,FUTURES
2025-12-23 09:30:00+05:30,26370.5,26377.5,26343.5,26347.0,74750,15m,FUTURES
2025-12-23 09:45:00+05:30,26347.0,26399.7,26343.0,26398.0,70395,15m,FUTURES
2025-12-23 10:00:00+05:30,26398.0,26414.9,26397.0,26403.1,48295,15m,FUTURES
2025-12-23 10:15:00+05:30,26403.1,26409.0,26382.3,26392.0,21385,15m,FUTURES
2025-12-23 10:30:00+05:30,26392.0,26403.2,26382.6,26400.0,19760,15m,FUTURES
2025-12-23 10:45:00+05:30,26400.0,26405.0,26392.6,26403.0,28470,15m,FUTURES
2025-12-23 11:00:00+05:30,26403.0,26411.0,26399.4,26408.0,16835,15m,FUTURES
2025-12-23 11:15:00+05:30,26408.0,26411.0,26403.0,26404.0,45305,15m,FUTURES
2025-12-23 11:30:00+05:30,26404.0,26408.0,26384.5,26390.0,39585,15m,FUTURES
2025-12-23 11:45:00+05:30,26390.0,26404.5,26383.0,26395.0,16120,15m,FUTURES
2025-12-23 12:00:00+05:30,26395.0,26414.0,26395.0,26408.0,29055,15m,FUTURES
2025-12-23 12:15:00+05:30,26408.0,26408.0,26399.0,26399.0,16510,15m,FUTURES
2025-12-23 12:30:00+05:30,26399.0,26407.0,26395.2,26403.6,16055,15m,FUTURES
2025-12-23 12:45:00+05:30,26404.7,26409.0,26401.6,26406.0,17485,15m,FUTURES
2025-12-23 13:00:00+05:30,26406.0,26410.6,26403.2,26406.0,18200,15m,FUTURES
2025-12-23 13:15:00+05:30,26406.0,26411.6,26404.0,26409.0,14170,15m,FUTURES
2025-12-23 13:30:00+05:30,26409.0,26409.0,26400.0,26400.0,8190,15m,FUTURES
2025-12-23 13:45:00+05:30,26400.0,26414.6,26400.0,26403.5,16315,15m,FUTURES
2025-12-23 14:00:00+05:30,26411.0,26418.4,26406.5,26418.4,17095,15m,FUTURES
2025-12-23 14:15:00+05:30,26418.4,26440.0,26418.4,26432.0,46410,15m,FUTURES
2025-12-23 14:30:00+05:30,26432.0,26433.3,26396.0,26396.0,36205,15m,FUTURES
2025-12-23 14:45:00+05:30,26396.0,26408.0,26386.4,26404.0,36985,15m,FUTURES
2025-12-23 15:00:00+05:30,26404.0,26412.5,26388.0,26394.9,34710,15m,FUTURES
2025-12-23 15:15:00+05:30,26394.9,26395.0,26385.0,26387.0,55770,15m,FUTURES
2025-12-24 09:15:00+05:30,26399.0,26432.0,26357.1,26429.0,101725,15m,FUTURES
2025-12-24 09:30:00+05:30,26429.0,26442.9,26410.2,26425.0,71110,15m,FUTURES
2025-12-24 09:45:00+05:30,26425.0,26432.9,26411.0,26430.0,30680,15m,FUTURES
2025-12-24 10:00:00+05:30,26430.0,26440.0,26416.0,26438.0,37115,15m,FUTURES
2025-12-24 10:15:00+05:30,26438.0,26448.0,26430.6,26437.0,35620,15m,FUTURES
2025-12-24 10:30:00+05:30,26437.0,26439.0,26421.2,26426.6,34190,15m,FUTURES
2025-12-24 10:45:00+05:30,26426.6,26426.6,26405.0,26410.1,36920,15m,FUTURES
2025-12-24 11:00:00+05:30,26410.1,26422.3,26400.0,26414.6,18980,15m,FUTURES
2025-12-24 11:15:00+05:30,26414.6,26430.0,26411.1,26424.7,20020,15m,FUTURES
2025-12-24 11:30:00+05:30,26424.7,26424.7,26386.1,26386.1,28145,15m,FUTURES
2025-12-24 11:45:00+05:30,26386.1,26404.4,26384.3,26403.0,20995,15m,FUTURES
2025-12-24 12:00:00+05:30,26403.0,26407.5,26392.7,26405.0,53885,15m,FUTURES
2025-12-24 12:15:00+05:30,26405.0,26413.6,26396.5,26410.0,21515,15m,FUTURES
2025-12-24 12:30:00+05:30,26410.0,26418.0,26391.9,26402.8,20800,15m,FUTURES
2025-12-24 12:45:00+05:30,26402.8,26403.4,26389.7,26395.6,14690,15m,FUTURES
2025-12-24 13:00:00+05:30,26395.6,26396.3,26378.7,26390.0,45630,15m,FUTURES
2025-12-24 13:15:00+05:30,26390.0,26390.0,26375.0,26378.0,53040,15m,FUTURES
2025-12-24 13:30:00+05:30,26378.0,26380.0,26354.2,26366.0,76830,15m,FUTURES
2025-12-24 13:45:00+05:30,26366.0,26379.1,26356.3,26359.9,56420,15m,FUTURES
2025-12-24 14:00:00+05:30,26359.9,26363.9,26351.0,26361.9,60125,15m,FUTURES
2025-12-24 14:15:00+05:30,26361.9,26366.4,26337.5,26354.5,84630,15m,FUTURES
2025-12-24 14:30:00+05:30,26354.5,26362.6,26340.4,26354.2,113035,15m,FUTURES
2025-12-24 14:45:00+05:30,26354.2,26365.1,26347.7,26362.0,125190,15m,FUTURES
2025-12-24 15:00:00+05:30,26362.8,26366.9,26350.0,26360.2,68185,15m,FUTURES
2025-12-24 15:15:00+05:30,26360.2,26360.2,26343.2,26345.0,168935,15m,FUTURES
2025-12-26 09:15:00+05:30,26330.0,26330.0,26280.0,26315.0,203255,15m,FUTURES
2025-12-26 09:30:00+05:30,26315.0,26317.8,26261.1,26263.3,163215,15m,FUTURES
2025-12-26 09:45:00+05:30,26263.3,26278.0,26251.0,26274.6,189800,15m,FUTURES
2025-12-26 10:00:00+05:30,26274.6,26281.9,26260.0,26271.9,79170,15m,FUTURES
2025-12-26 10:15:00+05:30,26271.9,26276.4,26262.7,26275.0,48620,15m,FUTURES
2025-12-26 10:30:00+05:30,26275.0,26279.0,26265.5,26269.0,73710,15m,FUTURES
2025-12-26 10:45:00+05:30,26269.7,26276.3,26263.7,26269.5,68575,15m,FUTURES
2025-12-26 11:00:00+05:30,26269.5,26279.1,26244.0,26252.0,119210,15m,FUTURES
2025-12-26 11:15:00+05:30,26252.0,26254.2,26241.4,26247.1,99060,15m,FUTURES
2025-12-26 11:30:00+05:30,26247.1,26253.6,26241.4,26243.1,96135,15m,FUTURES
2025-12-26 11:45:00+05:30,26243.1,26254.9,26241.1,26249.0,113750,15m,FUTURES
2025-12-26 12:00:00+05:30,26249.0,26253.9,26240.3,26248.0,301925,15m,FUTURES
2025-12-26 12:15:00+05:30,26248.0,26252.1,26235.2,26243.6,141245,15m,FUTURES
2025-12-26 12:30:00+05:30,26243.6,26245.0,26221.2,26225.5,167115,15m,FUTURES
2025-12-26 12:45:00+05:30,26225.5,26229.9,26220.0,26228.7,102245,15m,FUTURES
2025-12-26 13:00:00+05:30,26228.7,26233.0,26223.0,26230.1,182065,15m,FUTURES
2025-12-26 13:15:00+05:30,26230.1,26238.0,26230.0,26233.3,106730,15m,FUTURES
2025-12-26 13:30:00+05:30,26233.3,26238.4,26230.0,26233.2,88920,15m,FUTURES
2025-12-26 13:45:00+05:30,26232.8,26240.1,26221.5,26231.9,262925,15m,FUTURES
2025-12-26 14:00:00+05:30,26231.9,26238.7,26220.9,26228.9,66950,15m,FUTURES
2025-12-26 14:15:00+05:30,26228.9,26236.3,26213.0,26222.0,179725,15m,FUTURES
2025-12-26 14:30:00+05:30,26220.8,26224.9,26213.0,26220.9,137540,15m,FUTURES
2025-12-26 14:45:00+05:30,26218.0,26235.0,26214.6,26231.4,163215,15m,FUTURES
2025-12-26 15:00:00+05:30,26232.0,26240.3,26227.0,26238.4,215475,15m,FUTURES
2025-12-26 15:15:00+05:30,26238.3,26239.0,26230.0,26236.0,310895,15m,FUTURES
2025-12-29 09:15:00+05:30,26231.0,26251.6,26225.1,26245.8,211965,15m,FUTURES
2025-12-29 09:30:00+05:30,26245.8,26270.0,26238.7,26265.0,196950,15m,FUTURES
2025-12-29 09:45:00+05:30,26265.0,26272.0,26210.5,26210.5,180960,15m,FUTURES
2025-12-29 10:00:00+05:30,26211.0,26217.5,26205.8,26212.5,212290,15m,FUTURES
2025-12-29 10:15:00+05:30,26214.0,26214.5,26200.6,26209.5,186615,15m,FUTURES
2025-12-29 10:30:00+05:30,26209.5,26209.5,26180.0,26187.0,252850,15m,FUTURES
2025-12-29 10:45:00+05:30,26187.0,26190.2,26177.1,26186.5,222235,15m,FUTURES
2025-12-29 11:00:00+05:30,26186.6,26187.7,26156.1,26161.2,309140,15m,FUTURES
2025-12-29 11:15:00+05:30,26161.2,26164.1,26147.1,26153.4,238030,15m,FUTURES
2025-12-29 11:30:00+05:30,26155.9,26160.0,26151.4,26158.3,200070,15m,FUTURES
2025-12-29 11:45:00+05:30,26158.3,26171.7,26156.0,26161.1,218205,15m,FUTURES
2025-12-29 12:00:00+05:30,26161.1,26166.2,26152.1,26162.7,177840,15m,FUTURES
2025-12-29 12:15:00+05:30,26162.7,26163.5,26144.0,26145.8,200005,15m,FUTURES
2025-12-29 12:30:00+05:30,26145.8,26154.2,26137.9,26140.7,129805,15m,FUTURES
2025-12-29 12:45:00+05:30,26140.7,26145.2,26135.1,26142.4,116610,15m,FUTURES
2025-12-29 13:00:00+05:30,26142.4,26150.7,26128.5,26130.8,221585,15m,FUTURES
2025-12-29 13:15:00+05:30,26131.4,26134.9,26121.9,26124.7,196495,15m,FUTURES
2025-12-29 13:30:00+05:30,26124.7,26128.1,26101.0,26106.7,228930,15m,FUTURES
2025-12-29 13:45:00+05:30,26105.7,26130.9,26105.3,26123.4,273715,15m,FUTURES
2025-12-29 14:00:00+05:30,26123.4,26129.9,26119.5,26122.0,185120,15m,FUTURES
2025-12-29 14:15:00+05:30,26120.0,26144.0,26102.6,26130.1,271895,15m,FUTURES
2025-12-29 14:30:00+05:30,26130.1,26134.9,26110.0,26119.8,419965,15m,FUTURES
2025-12-29 14:45:00+05:30,26120.0,26124.8,26105.3,26115.2,381940,15m,FUTURES
2025-12-29 15:00:00+05:30,26118.7,26127.0,26113.5,26125.0,340340,15m,FUTURES
2025-12-29 15:15:00+05:30,26125.0,26130.0,26115.6,26119.0,333515,15m,FUTURES
2025-12-30 09:15:00+05:30,26098.0,26098.0,26044.1,26048.3,510835,15m,FUTURES
2025-12-30 09:30:00+05:30,26050.1,26114.7,26045.8,26112.0,561340,15m,FUTURES
2025-12-30 09:45:00+05:30,26107.0,26129.9,26071.2,26107.0,370370,15m,FUTURES
2025-12-30 10:00:00+05:30,26107.0,26119.8,26090.0,26109.5,194480,15m,FUTURES
2025-12-30 10:15:00+05:30,26110.0,26144.4,26109.6,26138.0,279175,15m,FUTURES
2025-12-30 10:30:00+05:30,26137.0,26142.0,26111.8,26112.8,296725,15m,FUTURES
2025-12-30 10:45:00+05:30,26112.8,26119.9,26089.6,26095.0,345995,15m,FUTURES
2025-12-30 11:00:00+05:30,26095.0,26103.9,26075.0,26086.9,274365,15m,FUTURES
2025-12-30 11:15:00+05:30,26086.9,26098.4,26078.6,26082.4,255320,15m,FUTURES
2025-12-30 11:30:00+05:30,26082.6,26085.0,26060.0,26079.7,259350,15m,FUTURES
2025-12-30 11:45:00+05:30,26079.7,26088.9,26060.1,26067.9,171275,15m,FUTURES
2025-12-30 12:00:00+05:30,26067.9,26076.5,26052.0,26055.3,212875,15m,FUTURES
2025-12-30 12:15:00+05:30,26055.3,26063.7,26052.6,26055.0,177125,15m,FUTURES
2025-12-30 12:30:00+05:30,26055.0,26073.7,26052.5,26060.9,295490,15m,FUTURES
2025-12-30 12:45:00+05:30,26060.9,26074.8,26052.5,26053.3,395980,15m,FUTURES
2025-12-30 13:00:00+05:30,26053.4,26064.9,26040.3,26058.0,230100,15m,FUTURES
2025-12-30 13:15:00+05:30,26058.0,26070.0,26051.5,26068.0,117715,15m,FUTURES
2025-12-30 13:30:00+05:30,26068.0,26112.8,26061.8,26110.0,196950,15m,FUTURES
2025-12-30 13:45:00+05:30,26109.7,26128.6,26102.1,26111.0,241085,15m,FUTURES
2025-12-30 14:00:00+05:30,26111.0,26118.9,26095.0,26104.6,132275,15m,FUTURES
2025-12-30 14:15:00+05:30,26104.6,26125.5,26082.6,26089.4,164710,15m,FUTURES
2025-12-30 14:30:00+05:30,26089.4,26110.0,26088.0,26106.9,132015,15m,FUTURES
2025-12-30 14:45:00+05:30,26106.9,26122.1,26099.0,26109.0,224965,15m,FUTURES
2025-12-30 15:00:00+05:30,26109.0,26119.0,26093.2,26115.5,306085,15m,FUTURES
2025-12-30 15:15:00+05:30,26115.5,26138.0,26112.8,26135.0,640900,15m,FUTURES
2025-12-31 09:15:00+05:30,26145.0,26182.9,26136.2,26177.0,618280,15m,FUTURES
2025-12-31 09:30:00+05:30,26177.0,26187.2,26133.3,26139.9,260910,15m,FUTURES
2025-12-31 09:45:00+05:30,26139.9,26163.5,26130.2,26151.0,157040,15m,FUTURES
2025-12-31 10:00:00+05:30,26151.0,26169.9,26140.0,26169.0,125580,15m,FUTURES
2025-12-31 10:15:00+05:30,26169.0,26184.4,26163.5,26183.8,122915,15m,FUTURES
2025-12-31 10:30:00+05:30,26183.8,26219.0,26178.2,26214.9,339040,15m,FUTURES
2025-12-31 10:45:00+05:30,26214.9,26219.0,26198.3,26216.3,146900,15m,FUTURES
2025-12-31 11:00:00+05:30,26216.3,26223.3,26205.9,26220.0,168545,15m,FUTURES
2025-12-31 11:15:00+05:30,26220.0,26225.0,26203.9,26203.9,157625,15m,FUTURES
2025-12-31 11:30:00+05:30,26203.9,26233.4,26200.0,26233.0,125320,15m,FUTURES
2025-12-31 11:45:00+05:30,26233.0,26236.0,26223.1,26231.5,94640,15m,FUTURES
2025-12-31 12:00:00+05:30,26231.5,26255.0,26225.1,26253.0,194155,15m,FUTURES
2025-12-31 12:15:00+05:30,26253.0,26255.0,26242.0,26251.3,88010,15m,FUTURES
2025-12-31 12:30:00+05:30,26251.3,26275.0,26249.9,26275.0,194285,15m,FUTURES
2025-12-31 12:45:00+05:30,26275.0,26314.0,26271.1,26308.1,342875,15m,FUTURES
2025-12-31 13:00:00+05:30,26308.1,26315.0,26294.7,26309.7,156585,15m,FUTURES
2025-12-31 13:15:00+05:30,26309.7,26313.9,26297.1,26307.0,110175,15m,FUTURES
2025-12-31 13:30:00+05:30,26307.0,26316.8,26285.9,26301.0,135135,15m,FUTURES
2025-12-31 13:45:00+05:30,26301.0,26325.0,26301.0,26319.2,119470,15m,FUTURES
2025-12-31 14:00:00+05:30,26319.2,26321.8,26304.0,26314.9,62075,15m,FUTURES
2025-12-31 14:15:00+05:30,26314.9,26316.5,26297.9,26303.5,142610,15m,FUTURES
2025-12-31 14:30:00+05:30,26303.5,26319.0,26301.0,26313.0,73710,15m,FUTURES
2025-12-31 14:45:00+05:30,26313.0,26317.6,26304.6,26311.5,138515,15m,FUTURES
2025-12-31 15:00:00+05:30,26311.3,26311.3,26285.0,26293.9,282815,15m,FUTURES
2025-12-31 15:15:00+05:30,26290.9,26305.0,26288.4,26304.8,251355,15m,FUTURES
